archivo,titulo,autor,tematica,fuente
cuento_001.txt,10 películas mexicanas de ciencia ficción,Anonimo,robots_y_tecnologia,Ciencia Ficción México
cuento_002.txt,1833-1883,Anonimo,robots_y_tecnologia,Ciencia Ficción México
cuento_003.txt,1833-1883 1,Anonimo,robots_y_tecnologia,Ciencia Ficción México
cuento_004.txt,1 El pequeño Rudi,Anonimo,robots_y_tecnologia,Ciencia Ficción México
cuento_005.txt,2056 Reseña,Anonimo,robots_y_tecnologia,Ciencia Ficción México
cuento_006.txt,2 Viaje a la nueva patria,Anonimo,robots_y_tecnologia,Ciencia Ficción México
cuento_007.txt,2 de la tarde,Anonimo,robots_y_tecnologia,Ciencia Ficción México
cuento_008.txt,2do Encuentro Virtual de Escritoras y Escritores de Ciencia Ficción,Anonimo,robots_y_tecnologia,Ciencia Ficción México
cuento_009.txt,3 El tío,Anonimo,robots_y_tecnologia,Ciencia Ficción México
cuento_010.txt,5 Cómo fue guisada la sopa,Anonimo,robots_y_tecnologia,Ciencia Ficción México
cuento_011.txt,5to círculo de ciencia ficción Sizigias en Puebla,Anonimo,robots_y_tecnologia,Ciencia Ficción México
cuento_012.txt,6to Círculo de Ciencia Ficción Sizigias 2023,Anonimo,robots_y_tecnologia,Ciencia Ficción México
cuento_013.txt,7 relatos de ciencia ficción y terror de autoras es mexicanas os,Anonimo,robots_y_tecnologia,Ciencia Ficción México
cuento_014.txt,7mo Círculo de Ciencia Ficción Sizigias,Anonimo,robots_y_tecnologia,Ciencia Ficción México
cuento_015.txt,A gusto,Anonimo,robots_y_tecnologia,Ciencia Ficción México
cuento_016.txt,Abuelita,Anonimo,robots_y_tecnologia,Ciencia Ficción México
cuento_017.txt,Accidentado paseo a Moka,Anonimo,robots_y_tecnologia,Ciencia Ficción México
cuento_018.txt,Actitud de renuncia,Anonimo,robots_y_tecnologia,Ciencia Ficción México
cuento_019.txt,Acuérdate de Azerbaijan,Anonimo,robots_y_tecnologia,Ciencia Ficción México
cuento_020.txt,Adiós Cordera,Anonimo,robots_y_tecnologia,Ciencia Ficción México
cuento_021.txt,Adriana Letechipía Semblanza,Anonimo,robots_y_tecnologia,Ciencia Ficción México
cuento_022.txt,Agapito Avellaneda,Anonimo,robots_y_tecnologia,Ciencia Ficción México
cuento_023.txt,Agradecimientos,Anonimo,robots_y_tecnologia,Ciencia Ficción México
cuento_024.txt,Agua,Anonimo,robots_y_tecnologia,Ciencia Ficción México
cuento_025.txt,Ahí está ella bañándose,Anonimo,robots_y_tecnologia,Ciencia Ficción México
cuento_026.txt,Aladino y la lámpara maravillosa,Anonimo,robots_y_tecnologia,Ciencia Ficción México
cuento_027.txt,Alejandrina,Anonimo,robots_y_tecnologia,Ciencia Ficción México
cuento_028.txt,Algo,Anonimo,robots_y_tecnologia,Ciencia Ficción México
cuento_029.txt,Alicia Mares semblanza,Anonimo,robots_y_tecnologia,Ciencia Ficción México
cuento_030.txt,Alí Babá y los cuarenta ladrones,Anonimo,robots_y_tecnologia,Ciencia Ficción México
cuento_031.txt,Amigos,Anonimo,robots_y_tecnologia,Ciencia Ficción México
cuento_032.txt,Ana Isabel,Anonimo,robots_y_tecnologia,Ciencia Ficción México
cuento_033.txt,Anacronía Lunar Reseña,Anonimo,robots_y_tecnologia,Ciencia Ficción México
cuento_034.txt,Analia Tubarí y Samba Gana,Anonimo,robots_y_tecnologia,Ciencia Ficción México
cuento_035.txt,Ansia,Anonimo,robots_y_tecnologia,Ciencia Ficción México
cuento_036.txt,Antología Verniana convocatoria,Anonimo,robots_y_tecnologia,Ciencia Ficción México
cuento_037.txt,Anuncio,Anonimo,robots_y_tecnologia,Ciencia Ficción México
cuento_038.txt,Anúnciate,Anonimo,robots_y_tecnologia,Ciencia Ficción México
cuento_039.txt,Apoya al blog Ciencia Ficción México,Anonimo,robots_y_tecnologia,Ciencia Ficción México
cuento_040.txt,Apunte gótico,Anonimo,robots_y_tecnologia,Ciencia Ficción México
cuento_041.txt,Aquiles y la tortuga,Anonimo,robots_y_tecnologia,Ciencia Ficción México
cuento_042.txt,Arco y la posibilidad de otros mundos,Anonimo,robots_y_tecnologia,Ciencia Ficción México
cuento_043.txt,Arte y vida,Anonimo,robots_y_tecnologia,Ciencia Ficción México
cuento_044.txt,Arturo y el mago Merlín,Anonimo,robots_y_tecnologia,Ciencia Ficción México
cuento_045.txt,Aserrando una rama,Anonimo,robots_y_tecnologia,Ciencia Ficción México
cuento_046.txt,Asesoría personalizada,Anonimo,robots_y_tecnologia,Ciencia Ficción México
cuento_047.txt,Atrapada,Anonimo,robots_y_tecnologia,Ciencia Ficción México
cuento_048.txt,Aua la huerfanita,Anonimo,robots_y_tecnologia,Ciencia Ficción México
cuento_049.txt,AutorAxel Lima Muñiz,Anonimo,robots_y_tecnologia,Ciencia Ficción México
cuento_050.txt,AutorDelilah Anzueto,Anonimo,robots_y_tecnologia,Ciencia Ficción México
cuento_051.txt,AutorHéctor Sapiña Flores,Anonimo,robots_y_tecnologia,Ciencia Ficción México
cuento_052.txt,AutorIsamar Mendoza,Anonimo,robots_y_tecnologia,Ciencia Ficción México
cuento_053.txt,AutorJulio César Hernández Pizano,Anonimo,robots_y_tecnologia,Ciencia Ficción México
cuento_054.txt,AutorMarthinus Fragoso,Anonimo,robots_y_tecnologia,Ciencia Ficción México
cuento_055.txt,AutorUlises Luján Rodríguez,Anonimo,robots_y_tecnologia,Ciencia Ficción México
cuento_056.txt,Aventura,Anonimo,robots_y_tecnologia,Ciencia Ficción México
cuento_057.txt,Aventura al centro de la tierra de Julio Verne a Javier Solís,Anonimo,robots_y_tecnologia,Ciencia Ficción México
cuento_058.txt,Avisarías a los personajes de tu sueño,Anonimo,robots_y_tecnologia,Ciencia Ficción México
cuento_059.txt,Aviso de privacidad simplificado,Anonimo,robots_y_tecnologia,Ciencia Ficción México
cuento_060.txt,Axel Lima Muñiz,Anonimo,robots_y_tecnologia,Ciencia Ficción México
cuento_061.txt,Año nuevo,Anonimo,robots_y_tecnologia,Ciencia Ficción México
cuento_062.txt,Baby H P,Anonimo,robots_y_tecnologia,Ciencia Ficción México
cuento_063.txt,Backstage de Sergio García Díaz Reseña,Anonimo,robots_y_tecnologia,Ciencia Ficción México
cuento_064.txt,Baila baila muñequita,Anonimo,robots_y_tecnologia,Ciencia Ficción México
cuento_065.txt,Bajo el sauce,Anonimo,robots_y_tecnologia,Ciencia Ficción México
cuento_066.txt,Baltasar Gérard 1555 1582,Anonimo,robots_y_tecnologia,Ciencia Ficción México
cuento_067.txt,Bambi,Anonimo,robots_y_tecnologia,Ciencia Ficción México
cuento_068.txt,Base naval,Anonimo,robots_y_tecnologia,Ciencia Ficción México
cuento_069.txt,Basilisa la Hermosa,Anonimo,robots_y_tecnologia,Ciencia Ficción México
cuento_070.txt,Batman Azteca Choque de sincretismos,Anonimo,robots_y_tecnologia,Ciencia Ficción México
cuento_071.txt,Bebida,Anonimo,robots_y_tecnologia,Ciencia Ficción México
cuento_072.txt,Ben Tovit,Anonimo,robots_y_tecnologia,Ciencia Ficción México
cuento_073.txt,Benedictino,Anonimo,robots_y_tecnologia,Ciencia Ficción México
cuento_074.txt,Blancanieve y Rojaflor,Anonimo,robots_y_tecnologia,Ciencia Ficción México
cuento_075.txt,Blancanieves y los siete enanitos,Anonimo,robots_y_tecnologia,Ciencia Ficción México
cuento_076.txt,Blog,Anonimo,robots_y_tecnologia,Ciencia Ficción México
cuento_077.txt,Boroña,Anonimo,robots_y_tecnologia,Ciencia Ficción México
cuento_078.txt,Buen humor,Anonimo,robots_y_tecnologia,Ciencia Ficción México
cuento_079.txt,Cada cosa en su sitio,Anonimo,robots_y_tecnologia,Ciencia Ficción México
cuento_080.txt,Cada hombre una doctrina,Anonimo,robots_y_tecnologia,Ciencia Ficción México
cuento_081.txt,Calixto Garmendia,Anonimo,robots_y_tecnologia,Ciencia Ficción México
cuento_082.txt,Camelidos,Anonimo,robots_y_tecnologia,Ciencia Ficción México
cuento_083.txt,Canción de cuna,Anonimo,robots_y_tecnologia,Ciencia Ficción México
cuento_084.txt,Caperucita Roja,Anonimo,robots_y_tecnologia,Ciencia Ficción México
cuento_085.txt,Carta a un zapatero que compuso mal unos zapatos,Anonimo,robots_y_tecnologia,Ciencia Ficción México
cuento_086.txt,Castigo,Anonimo,robots_y_tecnologia,Ciencia Ficción México
cuento_087.txt,Castigo del jugador que blasfemó contra la Virgen,Anonimo,robots_y_tecnologia,Ciencia Ficción México
cuento_088.txt,CategoríaArtículos,Anonimo,robots_y_tecnologia,Ciencia Ficción México
cuento_089.txt,CategoríaChismecito,Anonimo,robots_y_tecnologia,Ciencia Ficción México
cuento_090.txt,CategoríaCine,Anonimo,robots_y_tecnologia,Ciencia Ficción México
cuento_091.txt,CategoríaConvocatorias,Anonimo,robots_y_tecnologia,Ciencia Ficción México
cuento_092.txt,CategoríaEntrevista,Anonimo,robots_y_tecnologia,Ciencia Ficción México
cuento_093.txt,CategoríaEventos,Anonimo,robots_y_tecnologia,Ciencia Ficción México
cuento_094.txt,CategoríaNarrativa,Anonimo,robots_y_tecnologia,Ciencia Ficción México
cuento_095.txt,CategoríaOpinión,Anonimo,robots_y_tecnologia,Ciencia Ficción México
cuento_096.txt,CategoríaPost patrocinado,Anonimo,robots_y_tecnologia,Ciencia Ficción México
cuento_097.txt,CategoríaPublicaciones,Anonimo,robots_y_tecnologia,Ciencia Ficción México
cuento_098.txt,CategoríaReportaje,Anonimo,robots_y_tecnologia,Ciencia Ficción México
cuento_099.txt,CategoríaReseñas,Anonimo,robots_y_tecnologia,Ciencia Ficción México
cuento_100.txt,CategoríaSemblanzas,Anonimo,robots_y_tecnologia,Ciencia Ficción México
cuento_1000.txt,CategoríaTalleres,Anonimo,robots_y_tecnologia,Ciencia Ficción México
cuento_1001.txt,CategoríaUncategorized,Anonimo,robots_y_tecnologia,Ciencia Ficción México
cuento_1002.txt,Chácharas de niños,Anonimo,robots_y_tecnologia,Ciencia Ficción México
cuento_1003.txt,Ciencia Ficción México,Anonimo,robots_y_tecnologia,Ciencia Ficción México
cuento_1004.txt,Ciencia ficción e imaginación moral Russell Blackford,Anonimo,robots_y_tecnologia,Ciencia Ficción México
cuento_1005.txt,Cinco en una vaina,Anonimo,robots_y_tecnologia,Ciencia Ficción México
cuento_1006.txt,Colabora con nosotrxs,Anonimo,robots_y_tecnologia,Ciencia Ficción México
cuento_101.txt,Colectivo Editorial,Anonimo,robots_y_tecnologia,Ciencia Ficción México
cuento_102.txt,Colisión de Planetas Reseña,Anonimo,robots_y_tecnologia,Ciencia Ficción México
cuento_103.txt,Colás el Chico y Colás el Grande,Anonimo,robots_y_tecnologia,Ciencia Ficción México
cuento_104.txt,Connla y el hada,Anonimo,robots_y_tecnologia,Ciencia Ficción México
cuento_105.txt,Conocerse a uno mismo,Anonimo,robots_y_tecnologia,Ciencia Ficción México
cuento_106.txt,Convocatoria Premio Alambique 2024,Anonimo,robots_y_tecnologia,Ciencia Ficción México
cuento_107.txt,Convocatoria de Revista Alambique,Anonimo,robots_y_tecnologia,Ciencia Ficción México
cuento_108.txt,Convocatorias,Anonimo,robots_y_tecnologia,Ciencia Ficción México
cuento_109.txt,Cristales,Anonimo,robots_y_tecnologia,Ciencia Ficción México
cuento_110.txt,Crónica del 6to Círculo de Ciencia Ficción Sizigias,Anonimo,robots_y_tecnologia,Ciencia Ficción México
cuento_111.txt,Cuaresma de contrición,Anonimo,robots_y_tecnologia,Ciencia Ficción México
cuento_112.txt,Cuarzo,Anonimo,robots_y_tecnologia,Ciencia Ficción México
cuento_113.txt,Cuento de las dos vasijas,Anonimo,robots_y_tecnologia,Ciencia Ficción México
cuento_114.txt,Cuento quiromántico,Anonimo,robots_y_tecnologia,Ciencia Ficción México
cuento_115.txt,Cuentos de-mentes Reseña,Anonimo,robots_y_tecnologia,Ciencia Ficción México
cuento_116.txt,Cuerno y marfil,Anonimo,robots_y_tecnologia,Ciencia Ficción México
cuento_117.txt,Cuerpo de mujer,Anonimo,robots_y_tecnologia,Ciencia Ficción México
cuento_118.txt,Culebra será,Anonimo,robots_y_tecnologia,Ciencia Ficción México
cuento_119.txt,Cómo el padre se casó con la hija,Anonimo,robots_y_tecnologia,Ciencia Ficción México
cuento_120.txt,Cómo fueron engañados los malos hijos,Anonimo,robots_y_tecnologia,Ciencia Ficción México
cuento_121.txt,Cómo jugar póker contra telépatas Reseña,Anonimo,robots_y_tecnologia,Ciencia Ficción México
cuento_122.txt,Cómo la sabiduría se esparció por el mundo,Anonimo,robots_y_tecnologia,Ciencia Ficción México
cuento_123.txt,Cómo va el asunto de la AMCiF Una oportunidad semiutópica,Anonimo,robots_y_tecnologia,Ciencia Ficción México
cuento_124.txt,Damián Neri Osorio Semblanza,Anonimo,robots_y_tecnologia,Ciencia Ficción México
cuento_125.txt,Daniela Lomartti Semblanza,Anonimo,robots_y_tecnologia,Ciencia Ficción México
cuento_126.txt,Danza macabra III,Anonimo,robots_y_tecnologia,Ciencia Ficción México
cuento_127.txt,De amores,Anonimo,robots_y_tecnologia,Ciencia Ficción México
cuento_128.txt,De balística,Anonimo,robots_y_tecnologia,Ciencia Ficción México
cuento_129.txt,De burguesa a burguesa,Anonimo,robots_y_tecnologia,Ciencia Ficción México
cuento_130.txt,De burguesa a cortesana,Anonimo,robots_y_tecnologia,Ciencia Ficción México
cuento_131.txt,De cómo repartió el diablo los males por el mundo,Anonimo,robots_y_tecnologia,Ciencia Ficción México
cuento_132.txt,De instante en instante,Anonimo,robots_y_tecnologia,Ciencia Ficción México
cuento_133.txt,De la nada hacia la nada,Anonimo,robots_y_tecnologia,Ciencia Ficción México
cuento_134.txt,De los Apeninos a los Andes,Anonimo,robots_y_tecnologia,Ciencia Ficción México
cuento_135.txt,De los labios de Alá,Anonimo,robots_y_tecnologia,Ciencia Ficción México
cuento_136.txt,De qué hablamos cuando decimos ciencia ficción mexicana,Anonimo,robots_y_tecnologia,Ciencia Ficción México
cuento_137.txt,Del caballero y el manzano,Anonimo,robots_y_tecnologia,Ciencia Ficción México
cuento_138.txt,Del que no se casa,Anonimo,robots_y_tecnologia,Ciencia Ficción México
cuento_139.txt,Dentro de mil años,Anonimo,robots_y_tecnologia,Ciencia Ficción México
cuento_140.txt,Depende de quién proceda la orden,Anonimo,robots_y_tecnologia,Ciencia Ficción México
cuento_141.txt,Descubrimiento,Anonimo,robots_y_tecnologia,Ciencia Ficción México
cuento_142.txt,Desde una ventana de Vartou,Anonimo,robots_y_tecnologia,Ciencia Ficción México
cuento_143.txt,Deseos,Anonimo,robots_y_tecnologia,Ciencia Ficción México
cuento_144.txt,Desposeídxs Guarida Cyberpunk en el centro de CDMX,Anonimo,robots_y_tecnologia,Ciencia Ficción México
cuento_145.txt,Después del Exilio Reseña,Anonimo,robots_y_tecnologia,Ciencia Ficción México
cuento_146.txt,Destaca mesa de ciencia ficción en Segundo Festival Nacional de Poesía Joven Pue,Anonimo,robots_y_tecnologia,Ciencia Ficción México
cuento_147.txt,Devoción,Anonimo,robots_y_tecnologia,Ciencia Ficción México
cuento_148.txt,Diamantes y pedernales,Anonimo,robots_y_tecnologia,Ciencia Ficción México
cuento_149.txt,Diez años después,Anonimo,robots_y_tecnologia,Ciencia Ficción México
cuento_150.txt,Dios fulmine a la que escriba sobre mí reseña,Anonimo,robots_y_tecnologia,Ciencia Ficción México
cuento_151.txt,Dios y el párroco,Anonimo,robots_y_tecnologia,Ciencia Ficción México
cuento_152.txt,Doce años después,Anonimo,robots_y_tecnologia,Ciencia Ficción México
cuento_153.txt,Don Antonio,Anonimo,robots_y_tecnologia,Ciencia Ficción México
cuento_154.txt,Doon,Anonimo,robots_y_tecnologia,Ciencia Ficción México
cuento_155.txt,Dos hermanos,Anonimo,robots_y_tecnologia,Ciencia Ficción México
cuento_156.txt,Dos pisones,Anonimo,robots_y_tecnologia,Ciencia Ficción México
cuento_157.txt,Dos sabios,Anonimo,robots_y_tecnologia,Ciencia Ficción México
cuento_158.txt,Duelo de caballeros,Anonimo,robots_y_tecnologia,Ciencia Ficción México
cuento_159.txt,Día de mudanza,Anonimo,robots_y_tecnologia,Ciencia Ficción México
cuento_160.txt,Dónde está el décimo hombre,Anonimo,robots_y_tecnologia,Ciencia Ficción México
cuento_161.txt,Ecatepunk Novela gráfica de Joshua Hernández Reseña,Anonimo,robots_y_tecnologia,Ciencia Ficción México
cuento_162.txt,Efectos de la educación,Anonimo,robots_y_tecnologia,Ciencia Ficción México
cuento_163.txt,Ejemplo del tercer consejero del cazador y de las aldeas,Anonimo,robots_y_tecnologia,Ciencia Ficción México
cuento_164.txt,Ejercicio de artillería,Anonimo,robots_y_tecnologia,Ciencia Ficción México
cuento_165.txt,El Ave Fénix,Anonimo,robots_y_tecnologia,Ciencia Ficción México
cuento_166.txt,El Gallito de Cresta de Oro,Anonimo,robots_y_tecnologia,Ciencia Ficción México
cuento_167.txt,El Jardín del Paraíso,Anonimo,robots_y_tecnologia,Ciencia Ficción México
cuento_168.txt,El Pelón,Anonimo,robots_y_tecnologia,Ciencia Ficción México
cuento_169.txt,El Pórtico de Dignirth Reseña,Anonimo,robots_y_tecnologia,Ciencia Ficción México
cuento_170.txt,El Rey del Frío,Anonimo,robots_y_tecnologia,Ciencia Ficción México
cuento_171.txt,El abad de San Pantaleón,Anonimo,robots_y_tecnologia,Ciencia Ficción México
cuento_172.txt,El abecedario,Anonimo,robots_y_tecnologia,Ciencia Ficción México
cuento_173.txt,El abeto,Anonimo,robots_y_tecnologia,Ciencia Ficción México
cuento_174.txt,El acertijo,Anonimo,robots_y_tecnologia,Ciencia Ficción México
cuento_175.txt,El acreedor holgazán,Anonimo,robots_y_tecnologia,Ciencia Ficción México
cuento_176.txt,El adivino,Anonimo,robots_y_tecnologia,Ciencia Ficción México
cuento_177.txt,El agua de la locura,Anonimo,robots_y_tecnologia,Ciencia Ficción México
cuento_178.txt,El agua del Paraíso,Anonimo,robots_y_tecnologia,Ciencia Ficción México
cuento_179.txt,El aguinaldo,Anonimo,robots_y_tecnologia,Ciencia Ficción México
cuento_180.txt,El agujero en la manga,Anonimo,robots_y_tecnologia,Ciencia Ficción México
cuento_181.txt,El alfiletero de la anjana,Anonimo,robots_y_tecnologia,Ciencia Ficción México
cuento_182.txt,El alforfón,Anonimo,robots_y_tecnologia,Ciencia Ficción México
cuento_183.txt,El amigo,Anonimo,robots_y_tecnologia,Ciencia Ficción México
cuento_184.txt,El amigo de la muerte,Anonimo,robots_y_tecnologia,Ciencia Ficción México
cuento_185.txt,El amuleto,Anonimo,robots_y_tecnologia,Ciencia Ficción México
cuento_186.txt,El anciano y el niño,Anonimo,robots_y_tecnologia,Ciencia Ficción México
cuento_187.txt,El anillito del elfo,Anonimo,robots_y_tecnologia,Ciencia Ficción México
cuento_188.txt,El apóstol Pedro,Anonimo,robots_y_tecnologia,Ciencia Ficción México
cuento_189.txt,El arte de la observación,Anonimo,robots_y_tecnologia,Ciencia Ficción México
cuento_190.txt,El asceta y la prostituta,Anonimo,robots_y_tecnologia,Ciencia Ficción México
cuento_191.txt,El asistente,Anonimo,robots_y_tecnologia,Ciencia Ficción México
cuento_192.txt,El asno de Kuichú,Anonimo,robots_y_tecnologia,Ciencia Ficción México
cuento_193.txt,El ave del paraíso,Anonimo,robots_y_tecnologia,Ciencia Ficción México
cuento_194.txt,El ayla,Anonimo,robots_y_tecnologia,Ciencia Ficción México
cuento_195.txt,El barco fantasma,Anonimo,robots_y_tecnologia,Ciencia Ficción México
cuento_196.txt,El barquero inculto,Anonimo,robots_y_tecnologia,Ciencia Ficción México
cuento_197.txt,El barranco,Anonimo,robots_y_tecnologia,Ciencia Ficción México
cuento_198.txt,El beso,Anonimo,robots_y_tecnologia,Ciencia Ficción México
cuento_199.txt,El bigote del tigre,Anonimo,robots_y_tecnologia,Ciencia Ficción México
cuento_200.txt,El biombo del infierno,Anonimo,robots_y_tecnologia,Ciencia Ficción México
cuento_201.txt,El birrete blanco,Anonimo,robots_y_tecnologia,Ciencia Ficción México
cuento_202.txt,El bisabuelo,Anonimo,robots_y_tecnologia,Ciencia Ficción México
cuento_203.txt,El bosque de los cuentos,Anonimo,robots_y_tecnologia,Ciencia Ficción México
cuento_204.txt,El brahmín astuto,Anonimo,robots_y_tecnologia,Ciencia Ficción México
cuento_205.txt,El brillante,Anonimo,robots_y_tecnologia,Ciencia Ficción México
cuento_206.txt,El búho,Anonimo,robots_y_tecnologia,Ciencia Ficción México
cuento_207.txt,El caballero Charles,Anonimo,robots_y_tecnologia,Ciencia Ficción México
cuento_208.txt,El caballito blanco Hühü,Anonimo,robots_y_tecnologia,Ciencia Ficción México
cuento_209.txt,El campesino astrólogo,Anonimo,robots_y_tecnologia,Ciencia Ficción México
cuento_210.txt,El campesino el oso y la zorra,Anonimo,robots_y_tecnologia,Ciencia Ficción México
cuento_211.txt,El caracol y el rosal,Anonimo,robots_y_tecnologia,Ciencia Ficción México
cuento_212.txt,El cargador,Anonimo,robots_y_tecnologia,Ciencia Ficción México
cuento_213.txt,El cazador de orquídeas,Anonimo,robots_y_tecnologia,Ciencia Ficción México
cuento_214.txt,El cerro de los elfos,Anonimo,robots_y_tecnologia,Ciencia Ficción México
cuento_215.txt,El chacal y el cocodrilo,Anonimo,robots_y_tecnologia,Ciencia Ficción México
cuento_216.txt,El chelín de plata,Anonimo,robots_y_tecnologia,Ciencia Ficción México
cuento_217.txt,El chico y el cocodrilo,Anonimo,robots_y_tecnologia,Ciencia Ficción México
cuento_218.txt,El cielo del gorrión,Anonimo,robots_y_tecnologia,Ciencia Ficción México
cuento_219.txt,El cofre volador,Anonimo,robots_y_tecnologia,Ciencia Ficción México
cuento_220.txt,El cometa,Anonimo,robots_y_tecnologia,Ciencia Ficción México
cuento_221.txt,El compañero de viaje,Anonimo,robots_y_tecnologia,Ciencia Ficción México
cuento_222.txt,El conductor borracho,Anonimo,robots_y_tecnologia,Ciencia Ficción México
cuento_223.txt,El contrabandista,Anonimo,robots_y_tecnologia,Ciencia Ficción México
cuento_224.txt,El converso,Anonimo,robots_y_tecnologia,Ciencia Ficción México
cuento_225.txt,El cooli de Calcuta,Anonimo,robots_y_tecnologia,Ciencia Ficción México
cuento_226.txt,El corredor veloz,Anonimo,robots_y_tecnologia,Ciencia Ficción México
cuento_227.txt,El cuello de camisa,Anonimo,robots_y_tecnologia,Ciencia Ficción México
cuento_228.txt,El desencanto,Anonimo,robots_y_tecnologia,Ciencia Ficción México
cuento_229.txt,El diablo en semana santa,Anonimo,robots_y_tecnologia,Ciencia Ficción México
cuento_230.txt,El diablo y el asno,Anonimo,robots_y_tecnologia,Ciencia Ficción México
cuento_231.txt,El diablo y su abuela,Anonimo,robots_y_tecnologia,Ciencia Ficción México
cuento_232.txt,El diablo y sus añicos,Anonimo,robots_y_tecnologia,Ciencia Ficción México
cuento_233.txt,El diluvio,Anonimo,robots_y_tecnologia,Ciencia Ficción México
cuento_234.txt,El discípulo,Anonimo,robots_y_tecnologia,Ciencia Ficción México
cuento_235.txt,El doctor Pértinax,Anonimo,robots_y_tecnologia,Ciencia Ficción México
cuento_236.txt,El duende de la tienda,Anonimo,robots_y_tecnologia,Ciencia Ficción México
cuento_237.txt,El duendecillo y la mujer,Anonimo,robots_y_tecnologia,Ciencia Ficción México
cuento_238.txt,El dúo de la tos,Anonimo,robots_y_tecnologia,Ciencia Ficción México
cuento_239.txt,El elfo del rosal,Anonimo,robots_y_tecnologia,Ciencia Ficción México
cuento_240.txt,El encanto,Anonimo,robots_y_tecnologia,Ciencia Ficción México
cuento_241.txt,El entierro de la sardina,Anonimo,robots_y_tecnologia,Ciencia Ficción México
cuento_242.txt,El eremita astuto,Anonimo,robots_y_tecnologia,Ciencia Ficción México
cuento_243.txt,El ermitaño y el buscador,Anonimo,robots_y_tecnologia,Ciencia Ficción México
cuento_244.txt,El ermitaño y los diablos,Anonimo,robots_y_tecnologia,Ciencia Ficción México
cuento_245.txt,El escarabajo,Anonimo,robots_y_tecnologia,Ciencia Ficción México
cuento_246.txt,El espejo de Matsuyama,Anonimo,robots_y_tecnologia,Ciencia Ficción México
cuento_247.txt,El espejo del cofre,Anonimo,robots_y_tecnologia,Ciencia Ficción México
cuento_248.txt,El extranjero,Anonimo,robots_y_tecnologia,Ciencia Ficción México
cuento_249.txt,El extraño caso de Boris Karloff en el cine mexicano,Anonimo,robots_y_tecnologia,Ciencia Ficción México
cuento_250.txt,El fantasma,Anonimo,robots_y_tecnologia,Ciencia Ficción México
cuento_251.txt,El fantasma de Treviño,Anonimo,robots_y_tecnologia,Ciencia Ficción México
cuento_252.txt,El faraón Dyoser y la crecida del Nilo,Anonimo,robots_y_tecnologia,Ciencia Ficción México
cuento_253.txt,El faraón Esnofru y la joya perdida,Anonimo,robots_y_tecnologia,Ciencia Ficción México
cuento_254.txt,El faro,Anonimo,robots_y_tecnologia,Ciencia Ficción México
cuento_255.txt,El fiel Juan,Anonimo,robots_y_tecnologia,Ciencia Ficción México
cuento_256.txt,El filósofo,Anonimo,robots_y_tecnologia,Ciencia Ficción México
cuento_257.txt,El flautista de Hamelín,Anonimo,robots_y_tecnologia,Ciencia Ficción México
cuento_258.txt,El frío del papa,Anonimo,robots_y_tecnologia,Ciencia Ficción México
cuento_259.txt,El féretro de cristal,Anonimo,robots_y_tecnologia,Ciencia Ficción México
cuento_260.txt,El gallo de Sócrates,Anonimo,robots_y_tecnologia,Ciencia Ficción México
cuento_261.txt,El gallo de corral y la veleta,Anonimo,robots_y_tecnologia,Ciencia Ficción México
cuento_262.txt,El ganador,Anonimo,robots_y_tecnologia,Ciencia Ficción México
cuento_263.txt,El garrote didáctico,Anonimo,robots_y_tecnologia,Ciencia Ficción México
cuento_264.txt,El gato cocido,Anonimo,robots_y_tecnologia,Ciencia Ficción México
cuento_265.txt,El gato con botas,Anonimo,robots_y_tecnologia,Ciencia Ficción México
cuento_266.txt,El gato el gallo y la zorra,Anonimo,robots_y_tecnologia,Ciencia Ficción México
cuento_267.txt,El gato y la zorra,Anonimo,robots_y_tecnologia,Ciencia Ficción México
cuento_268.txt,El gigante Verlioka,Anonimo,robots_y_tecnologia,Ciencia Ficción México
cuento_269.txt,El gollete de botella,Anonimo,robots_y_tecnologia,Ciencia Ficción México
cuento_270.txt,El gorro de dormir del solterón,Anonimo,robots_y_tecnologia,Ciencia Ficción México
cuento_271.txt,El gran espanto,Anonimo,robots_y_tecnologia,Ciencia Ficción México
cuento_272.txt,El gran terremoto,Anonimo,robots_y_tecnologia,Ciencia Ficción México
cuento_273.txt,El grano de mostaza,Anonimo,robots_y_tecnologia,Ciencia Ficción México
cuento_274.txt,El guardagujas,Anonimo,robots_y_tecnologia,Ciencia Ficción México
cuento_275.txt,El gurú falaz,Anonimo,robots_y_tecnologia,Ciencia Ficción México
cuento_276.txt,El hada de los deseos,Anonimo,robots_y_tecnologia,Ciencia Ficción México
cuento_277.txt,El hada del saúco,Anonimo,robots_y_tecnologia,Ciencia Ficción México
cuento_278.txt,El hechizado,Anonimo,robots_y_tecnologia,Ciencia Ficción México
cuento_279.txt,El hermano de Cristo,Anonimo,robots_y_tecnologia,Ciencia Ficción México
cuento_280.txt,El hijo del portero,Anonimo,robots_y_tecnologia,Ciencia Ficción México
cuento_281.txt,El hombre bueno y el hombre malo,Anonimo,robots_y_tecnologia,Ciencia Ficción México
cuento_282.txt,El hombre de nieve,Anonimo,robots_y_tecnologia,Ciencia Ficción México
cuento_283.txt,El hombre del abrigo marrón,Anonimo,robots_y_tecnologia,Ciencia Ficción México
cuento_284.txt,El hombre del saco,Anonimo,robots_y_tecnologia,Ciencia Ficción México
cuento_285.txt,El hombre del turbante verde,Anonimo,robots_y_tecnologia,Ciencia Ficción México
cuento_286.txt,El hombre ecuánime,Anonimo,robots_y_tecnologia,Ciencia Ficción México
cuento_287.txt,El hombre en la noche,Anonimo,robots_y_tecnologia,Ciencia Ficción México
cuento_288.txt,El hombre lobo,Anonimo,robots_y_tecnologia,Ciencia Ficción México
cuento_289.txt,El hombre que logró ser invisible del poder absoluto a la locura absoluta,Anonimo,robots_y_tecnologia,Ciencia Ficción México
cuento_290.txt,El hombre que parecía un caballo,Anonimo,robots_y_tecnologia,Ciencia Ficción México
cuento_291.txt,El hombre que se disfrazó de bailarina,Anonimo,robots_y_tecnologia,Ciencia Ficción México
cuento_292.txt,El hombre que toca la flauta celestial,Anonimo,robots_y_tecnologia,Ciencia Ficción México
cuento_293.txt,El horno viejo,Anonimo,robots_y_tecnologia,Ciencia Ficción México
cuento_294.txt,El hueso cantor,Anonimo,robots_y_tecnologia,Ciencia Ficción México
cuento_295.txt,El huevo,Anonimo,robots_y_tecnologia,Ciencia Ficción México
cuento_296.txt,El incrédulo,Anonimo,robots_y_tecnologia,Ciencia Ficción México
cuento_297.txt,El infortunio,Anonimo,robots_y_tecnologia,Ciencia Ficción México
cuento_298.txt,El intrépido soldadito de plomo,Anonimo,robots_y_tecnologia,Ciencia Ficción México
cuento_299.txt,El jabalí de bronce,Anonimo,robots_y_tecnologia,Ciencia Ficción México
cuento_300.txt,El jardinero y el señor,Anonimo,robots_y_tecnologia,Ciencia Ficción México
cuento_301.txt,El jorobadito,Anonimo,robots_y_tecnologia,Ciencia Ficción México
cuento_302.txt,El joven que subió al cielo,Anonimo,robots_y_tecnologia,Ciencia Ficción México
cuento_303.txt,El juez,Anonimo,robots_y_tecnologia,Ciencia Ficción México
cuento_304.txt,El juicio,Anonimo,robots_y_tecnologia,Ciencia Ficción México
cuento_305.txt,El jíbaro en la capital,Anonimo,robots_y_tecnologia,Ciencia Ficción México
cuento_306.txt,El ladrón policía,Anonimo,robots_y_tecnologia,Ciencia Ficción México
cuento_307.txt,El leve Pedro,Anonimo,robots_y_tecnologia,Ciencia Ficción México
cuento_308.txt,El león y el hombre,Anonimo,robots_y_tecnologia,Ciencia Ficción México
cuento_309.txt,El león y la liebre,Anonimo,robots_y_tecnologia,Ciencia Ficción México
cuento_310.txt,El liberado viviente y el buscador,Anonimo,robots_y_tecnologia,Ciencia Ficción México
cuento_311.txt,El libro de estampas del padrino,Anonimo,robots_y_tecnologia,Ciencia Ficción México
cuento_312.txt,El libro de lo grotesco,Anonimo,robots_y_tecnologia,Ciencia Ficción México
cuento_313.txt,El libro mudo,Anonimo,robots_y_tecnologia,Ciencia Ficción México
cuento_314.txt,El libro talonario,Anonimo,robots_y_tecnologia,Ciencia Ficción México
cuento_315.txt,El lino,Anonimo,robots_y_tecnologia,Ciencia Ficción México
cuento_316.txt,El lobo que cree que la Luna es queso,Anonimo,robots_y_tecnologia,Ciencia Ficción México
cuento_317.txt,El loro antillano,Anonimo,robots_y_tecnologia,Ciencia Ficción México
cuento_318.txt,El loro que pide libertad,Anonimo,robots_y_tecnologia,Ciencia Ficción México
cuento_319.txt,El mago de Oz,Anonimo,robots_y_tecnologia,Ciencia Ficción México
cuento_320.txt,El mantra secreto,Anonimo,robots_y_tecnologia,Ciencia Ficción México
cuento_321.txt,El marido desconfiado,Anonimo,robots_y_tecnologia,Ciencia Ficción México
cuento_322.txt,El marinero de Ámsterdam,Anonimo,robots_y_tecnologia,Ciencia Ficción México
cuento_323.txt,El membrillo,Anonimo,robots_y_tecnologia,Ciencia Ficción México
cuento_324.txt,El misterio,Anonimo,robots_y_tecnologia,Ciencia Ficción México
cuento_325.txt,El molino de viento,Anonimo,robots_y_tecnologia,Ciencia Ficción México
cuento_326.txt,El monje furioso,Anonimo,robots_y_tecnologia,Ciencia Ficción México
cuento_327.txt,El mono blanco,Anonimo,robots_y_tecnologia,Ciencia Ficción México
cuento_328.txt,El monstruo del lago,Anonimo,robots_y_tecnologia,Ciencia Ficción México
cuento_329.txt,El muro,Anonimo,robots_y_tecnologia,Ciencia Ficción México
cuento_330.txt,El muro desmoronado,Anonimo,robots_y_tecnologia,Ciencia Ficción México
cuento_331.txt,El negador de milagros,Anonimo,robots_y_tecnologia,Ciencia Ficción México
cuento_332.txt,El nido de cisnes,Anonimo,robots_y_tecnologia,Ciencia Ficción México
cuento_333.txt,El niño en la tumba,Anonimo,robots_y_tecnologia,Ciencia Ficción México
cuento_334.txt,El niño perdido,Anonimo,robots_y_tecnologia,Ciencia Ficción México
cuento_335.txt,El niño prodigioso,Anonimo,robots_y_tecnologia,Ciencia Ficción México
cuento_336.txt,El niño travieso,Anonimo,robots_y_tecnologia,Ciencia Ficción México
cuento_337.txt,El nombre secreto de Ra,Anonimo,robots_y_tecnologia,Ciencia Ficción México
cuento_338.txt,El ojo del sol,Anonimo,robots_y_tecnologia,Ciencia Ficción México
cuento_339.txt,El orden de las páginas,Anonimo,robots_y_tecnologia,Ciencia Ficción México
cuento_340.txt,El origen del templo,Anonimo,robots_y_tecnologia,Ciencia Ficción México
cuento_341.txt,El pacto de amistad,Anonimo,robots_y_tecnologia,Ciencia Ficción México
cuento_342.txt,El paisajista,Anonimo,robots_y_tecnologia,Ciencia Ficción México
cuento_343.txt,El paje y el rey,Anonimo,robots_y_tecnologia,Ciencia Ficción México
cuento_344.txt,El papagayo,Anonimo,robots_y_tecnologia,Ciencia Ficción México
cuento_345.txt,El paraíso perdido,Anonimo,robots_y_tecnologia,Ciencia Ficción México
cuento_346.txt,El paria sabio,Anonimo,robots_y_tecnologia,Ciencia Ficción México
cuento_347.txt,El pastor distraído,Anonimo,robots_y_tecnologia,Ciencia Ficción México
cuento_348.txt,El patito feo,Anonimo,robots_y_tecnologia,Ciencia Ficción México
cuento_349.txt,El patín de ruedas,Anonimo,robots_y_tecnologia,Ciencia Ficción México
cuento_350.txt,El pavo de Navidad,Anonimo,robots_y_tecnologia,Ciencia Ficción México
cuento_351.txt,El pensador,Anonimo,robots_y_tecnologia,Ciencia Ficción México
cuento_352.txt,El pequeño Lischen y la luna,Anonimo,robots_y_tecnologia,Ciencia Ficción México
cuento_353.txt,El pequeño Tuk,Anonimo,robots_y_tecnologia,Ciencia Ficción México
cuento_354.txt,El pequeño escribiente florentino,Anonimo,robots_y_tecnologia,Ciencia Ficción México
cuento_355.txt,El pequeño vigía lombardo,Anonimo,robots_y_tecnologia,Ciencia Ficción México
cuento_356.txt,El peral de la tía Miseria,Anonimo,robots_y_tecnologia,Ciencia Ficción México
cuento_357.txt,El perro aterrado y la percepción errónea,Anonimo,robots_y_tecnologia,Ciencia Ficción México
cuento_358.txt,El pez de oro,Anonimo,robots_y_tecnologia,Ciencia Ficción México
cuento_359.txt,El pez y la tortuga,Anonimo,robots_y_tecnologia,Ciencia Ficción México
cuento_360.txt,El pilar que llora,Anonimo,robots_y_tecnologia,Ciencia Ficción México
cuento_361.txt,El pino,Anonimo,robots_y_tecnologia,Ciencia Ficción México
cuento_362.txt,El pobre ignorante,Anonimo,robots_y_tecnologia,Ciencia Ficción México
cuento_363.txt,El pobre y el rey de oro,Anonimo,robots_y_tecnologia,Ciencia Ficción México
cuento_364.txt,El poder del mantra,Anonimo,robots_y_tecnologia,Ciencia Ficción México
cuento_365.txt,El pollito que se hizo rey,Anonimo,robots_y_tecnologia,Ciencia Ficción México
cuento_366.txt,El porquerizo,Anonimo,robots_y_tecnologia,Ciencia Ficción México
cuento_367.txt,El prodigioso miligramo,Anonimo,robots_y_tecnologia,Ciencia Ficción México
cuento_368.txt,El príncipe Danilo,Anonimo,robots_y_tecnologia,Ciencia Ficción México
cuento_369.txt,El príncipe Tomás,Anonimo,robots_y_tecnologia,Ciencia Ficción México
cuento_370.txt,El príncipe malvado,Anonimo,robots_y_tecnologia,Ciencia Ficción México
cuento_371.txt,El puente de la discordia,Anonimo,robots_y_tecnologia,Ciencia Ficción México
cuento_372.txt,El puma de sombra,Anonimo,robots_y_tecnologia,Ciencia Ficción México
cuento_373.txt,El pájaro malo,Anonimo,robots_y_tecnologia,Ciencia Ficción México
cuento_374.txt,El ratón cambiado en niña,Anonimo,robots_y_tecnologia,Ciencia Ficción México
cuento_375.txt,El regenerador,Anonimo,robots_y_tecnologia,Ciencia Ficción México
cuento_376.txt,El regreso,Anonimo,robots_y_tecnologia,Ciencia Ficción México
cuento_377.txt,El relato del náufrago,Anonimo,robots_y_tecnologia,Ciencia Ficción México
cuento_378.txt,El rey Baltasar,Anonimo,robots_y_tecnologia,Ciencia Ficción México
cuento_379.txt,El rey de los monos,Anonimo,robots_y_tecnologia,Ciencia Ficción México
cuento_380.txt,El rey el cirujano y el sufí,Anonimo,robots_y_tecnologia,Ciencia Ficción México
cuento_381.txt,El rey negro,Anonimo,robots_y_tecnologia,Ciencia Ficción México
cuento_382.txt,El rinoceronte,Anonimo,robots_y_tecnologia,Ciencia Ficción México
cuento_383.txt,El rinoceronte 1,Anonimo,robots_y_tecnologia,Ciencia Ficción México
cuento_384.txt,El ruiseñor,Anonimo,robots_y_tecnologia,Ciencia Ficción México
cuento_385.txt,El sabio Salomón,Anonimo,robots_y_tecnologia,Ciencia Ficción México
cuento_386.txt,El sapo,Anonimo,robots_y_tecnologia,Ciencia Ficción México
cuento_387.txt,El sapo 1,Anonimo,robots_y_tecnologia,Ciencia Ficción México
cuento_388.txt,El sapo y el urubú,Anonimo,robots_y_tecnologia,Ciencia Ficción México
cuento_389.txt,El sastrecillo valiente,Anonimo,robots_y_tecnologia,Ciencia Ficción México
cuento_390.txt,El señor Wolo y el señor Kuta,Anonimo,robots_y_tecnologia,Ciencia Ficción México
cuento_391.txt,El señor de Mortain,Anonimo,robots_y_tecnologia,Ciencia Ficción México
cuento_392.txt,El silencio,Anonimo,robots_y_tecnologia,Ciencia Ficción México
cuento_393.txt,El silencio de Dios,Anonimo,robots_y_tecnologia,Ciencia Ficción México
cuento_394.txt,El sol la luna y el cuervo,Anonimo,robots_y_tecnologia,Ciencia Ficción México
cuento_395.txt,El soldadito de plomo,Anonimo,robots_y_tecnologia,Ciencia Ficción México
cuento_396.txt,El soldadito de plomo 1,Anonimo,robots_y_tecnologia,Ciencia Ficción México
cuento_397.txt,El soldado y la muerte,Anonimo,robots_y_tecnologia,Ciencia Ficción México
cuento_398.txt,El sombrero del cura,Anonimo,robots_y_tecnologia,Ciencia Ficción México
cuento_399.txt,El sueño de la mosca horripilante,Anonimo,robots_y_tecnologia,Ciencia Ficción México
cuento_400.txt,El sueño de mi compadre,Anonimo,robots_y_tecnologia,Ciencia Ficción México
cuento_401.txt,El sueño del pongo,Anonimo,robots_y_tecnologia,Ciencia Ficción México
cuento_402.txt,El suicida,Anonimo,robots_y_tecnologia,Ciencia Ficción México
cuento_403.txt,El tamborcillo sardo,Anonimo,robots_y_tecnologia,Ciencia Ficción México
cuento_404.txt,El tesoro dorado,Anonimo,robots_y_tecnologia,Ciencia Ficción México
cuento_405.txt,El tigre negro y el venado blanco,Anonimo,robots_y_tecnologia,Ciencia Ficción México
cuento_406.txt,El tigre que balaba,Anonimo,robots_y_tecnologia,Ciencia Ficción México
cuento_407.txt,El titiritero,Anonimo,robots_y_tecnologia,Ciencia Ficción México
cuento_408.txt,El torrero Ole,Anonimo,robots_y_tecnologia,Ciencia Ficción México
cuento_409.txt,El traje del fantasma,Anonimo,robots_y_tecnologia,Ciencia Ficción México
cuento_410.txt,El traje nuevo del Emperador,Anonimo,robots_y_tecnologia,Ciencia Ficción México
cuento_411.txt,El tullido,Anonimo,robots_y_tecnologia,Ciencia Ficción México
cuento_412.txt,El vengativo,Anonimo,robots_y_tecnologia,Ciencia Ficción México
cuento_413.txt,El viajero sediento,Anonimo,robots_y_tecnologia,Ciencia Ficción México
cuento_414.txt,El viejo cofre de Nuri Bey,Anonimo,robots_y_tecnologia,Ciencia Ficción México
cuento_415.txt,El viejo farol,Anonimo,robots_y_tecnologia,Ciencia Ficción México
cuento_416.txt,El viejo que hacía florecer los árboles,Anonimo,robots_y_tecnologia,Ciencia Ficción México
cuento_417.txt,El viejo y la niña,Anonimo,robots_y_tecnologia,Ciencia Ficción México
cuento_418.txt,El yesquero,Anonimo,robots_y_tecnologia,Ciencia Ficción México
cuento_419.txt,El yogui tántrico,Anonimo,robots_y_tecnologia,Ciencia Ficción México
cuento_420.txt,El zarevich Iván y el lobo gris,Anonimo,robots_y_tecnologia,Ciencia Ficción México
cuento_421.txt,El zarevich cabrito,Anonimo,robots_y_tecnologia,Ciencia Ficción México
cuento_422.txt,El ángel,Anonimo,robots_y_tecnologia,Ciencia Ficción México
cuento_423.txt,El árbol,Anonimo,robots_y_tecnologia,Ciencia Ficción México
cuento_424.txt,El árbol que hablaba,Anonimo,robots_y_tecnologia,Ciencia Ficción México
cuento_425.txt,El último día,Anonimo,robots_y_tecnologia,Ciencia Ficción México
cuento_426.txt,En Londres,Anonimo,robots_y_tecnologia,Ciencia Ficción México
cuento_427.txt,En el bosque,Anonimo,robots_y_tecnologia,Ciencia Ficción México
cuento_428.txt,En el corral,Anonimo,robots_y_tecnologia,Ciencia Ficción México
cuento_429.txt,En el cuarto de los niños,Anonimo,robots_y_tecnologia,Ciencia Ficción México
cuento_430.txt,En el mar remoto,Anonimo,robots_y_tecnologia,Ciencia Ficción México
cuento_431.txt,En el tren,Anonimo,robots_y_tecnologia,Ciencia Ficción México
cuento_432.txt,En la droguería,Anonimo,robots_y_tecnologia,Ciencia Ficción México
cuento_433.txt,En la sombra,Anonimo,robots_y_tecnologia,Ciencia Ficción México
cuento_434.txt,En lo alto de un hilo,Anonimo,robots_y_tecnologia,Ciencia Ficción México
cuento_435.txt,En memoria de mi madre,Anonimo,robots_y_tecnologia,Ciencia Ficción México
cuento_436.txt,En verdad os digo,Anonimo,robots_y_tecnologia,Ciencia Ficción México
cuento_437.txt,Encuentros Marcianos Imaginando Futuros Alternativos No Coloniales Evento,Anonimo,robots_y_tecnologia,Ciencia Ficción México
cuento_438.txt,Entrevista con Adriana Letechipía,Anonimo,robots_y_tecnologia,Ciencia Ficción México
cuento_439.txt,Entrevista con Amaranto,Anonimo,robots_y_tecnologia,Ciencia Ficción México
cuento_440.txt,Entrevista con Arnoldo Lozano,Anonimo,robots_y_tecnologia,Ciencia Ficción México
cuento_441.txt,Entrevista con Aura García-Junco,Anonimo,robots_y_tecnologia,Ciencia Ficción México
cuento_442.txt,Entrevista con Bruno A Arredondo,Anonimo,robots_y_tecnologia,Ciencia Ficción México
cuento_443.txt,Entrevista con Comité Matriarcadia Premio Imaginarias,Anonimo,robots_y_tecnologia,Ciencia Ficción México
cuento_444.txt,Entrevista con Daniela Lomartti directora de Anapoyesis,Anonimo,robots_y_tecnologia,Ciencia Ficción México
cuento_445.txt,Entrevista con Esteban Govea autor de Los Onironautas,Anonimo,robots_y_tecnologia,Ciencia Ficción México
cuento_446.txt,Entrevista con Isamar Mendoza,Anonimo,robots_y_tecnologia,Ciencia Ficción México
cuento_447.txt,Entrevista con JR Spinoza,Anonimo,robots_y_tecnologia,Ciencia Ficción México
cuento_448.txt,Entrevista con Jazmín García Vázquez,Anonimo,robots_y_tecnologia,Ciencia Ficción México
cuento_449.txt,Entrevista con Jenaro Martínez,Anonimo,robots_y_tecnologia,Ciencia Ficción México
cuento_450.txt,Entrevista con Joshua Hernández autor de Ecatepunk,Anonimo,robots_y_tecnologia,Ciencia Ficción México
cuento_451.txt,Entrevista con José Zermeño,Anonimo,robots_y_tecnologia,Ciencia Ficción México
cuento_452.txt,Entrevista con LO5 LoFi Gravity,Anonimo,robots_y_tecnologia,Ciencia Ficción México
cuento_453.txt,Entrevista con Martha Camacho,Anonimo,robots_y_tecnologia,Ciencia Ficción México
cuento_454.txt,Entrevista con Quino Islas,Anonimo,robots_y_tecnologia,Ciencia Ficción México
cuento_455.txt,Entrevista con Rafael Alvazález,Anonimo,robots_y_tecnologia,Ciencia Ficción México
cuento_456.txt,Entrevista con Roberto Campos Segura,Anonimo,robots_y_tecnologia,Ciencia Ficción México
cuento_457.txt,Entrevista con Sandra Becerril,Anonimo,robots_y_tecnologia,Ciencia Ficción México
cuento_458.txt,Entrevista con TaBe,Anonimo,robots_y_tecnologia,Ciencia Ficción México
cuento_459.txt,Entrevista con Óscar González Cruz,Anonimo,robots_y_tecnologia,Ciencia Ficción México
cuento_460.txt,Epitafio de un boxeador,Anonimo,robots_y_tecnologia,Ciencia Ficción México
cuento_461.txt,Es la pura verdad,Anonimo,robots_y_tecnologia,Ciencia Ficción México
cuento_462.txt,Escritor fracasado,Anonimo,robots_y_tecnologia,Ciencia Ficción México
cuento_463.txt,Escritura creativa y experimentos literarios en la era de la Inteligencia Artifi,Anonimo,robots_y_tecnologia,Ciencia Ficción México
cuento_464.txt,Estar vivo,Anonimo,robots_y_tecnologia,Ciencia Ficción México
cuento_465.txt,Estío,Anonimo,robots_y_tecnologia,Ciencia Ficción México
cuento_466.txt,Eugenesia,Anonimo,robots_y_tecnologia,Ciencia Ficción México
cuento_467.txt,Eva,Anonimo,robots_y_tecnologia,Ciencia Ficción México
cuento_468.txt,Eventos de ciencia ficción en México,Anonimo,robots_y_tecnologia,Ciencia Ficción México
cuento_469.txt,Explorando los mundos posibles de la ciencia ficción Taller,Anonimo,robots_y_tecnologia,Ciencia Ficción México
cuento_470.txt,Extraordinaria historia de dos tuertos,Anonimo,robots_y_tecnologia,Ciencia Ficción México
cuento_471.txt,Fara y el viejo cocodrilo,Anonimo,robots_y_tecnologia,Ciencia Ficción México
cuento_472.txt,Federiquillo el mentiroso,Anonimo,robots_y_tecnologia,Ciencia Ficción México
cuento_473.txt,Felicitaciones y condolencias,Anonimo,robots_y_tecnologia,Ciencia Ficción México
cuento_474.txt,Filosofía y ciencia ficción taller,Anonimo,robots_y_tecnologia,Ciencia Ficción México
cuento_475.txt,Flamingos,Anonimo,robots_y_tecnologia,Ciencia Ficción México
cuento_476.txt,Fomá Berénnikov,Anonimo,robots_y_tecnologia,Ciencia Ficción México
cuento_477.txt,Frankenstein en el cine mexicano de ciencia ficción,Anonimo,robots_y_tecnologia,Ciencia Ficción México
cuento_478.txt,Gassir el héroe,Anonimo,robots_y_tecnologia,Ciencia Ficción México
cuento_479.txt,Gesta romanorum III,Anonimo,robots_y_tecnologia,Ciencia Ficción México
cuento_480.txt,González Bribón,Anonimo,robots_y_tecnologia,Ciencia Ficción México
cuento_481.txt,Gorrioncito,Anonimo,robots_y_tecnologia,Ciencia Ficción México
cuento_482.txt,Gracias por hacer realidad el blog,Anonimo,robots_y_tecnologia,Ciencia Ficción México
cuento_483.txt,Gran Colisionador de Textos Especulativos GCTE,Anonimo,robots_y_tecnologia,Ciencia Ficción México
cuento_484.txt,Guardado en el corazón y no olvidado,Anonimo,robots_y_tecnologia,Ciencia Ficción México
cuento_485.txt,Guerra,Anonimo,robots_y_tecnologia,Ciencia Ficción México
cuento_486.txt,Guillermo el salvaje,Anonimo,robots_y_tecnologia,Ciencia Ficción México
cuento_487.txt,Halid Majid el achicharrado,Anonimo,robots_y_tecnologia,Ciencia Ficción México
cuento_488.txt,Hansel y Gretel,Anonimo,robots_y_tecnologia,Ciencia Ficción México
cuento_489.txt,Harpócrates en peligro,Anonimo,robots_y_tecnologia,Ciencia Ficción México
cuento_490.txt,Hasta cuándo dormido,Anonimo,robots_y_tecnologia,Ciencia Ficción México
cuento_491.txt,Hasta que lleguen las doce,Anonimo,robots_y_tecnologia,Ciencia Ficción México
cuento_492.txt,Hermanos,Anonimo,robots_y_tecnologia,Ciencia Ficción México
cuento_493.txt,Hijo Solo,Anonimo,robots_y_tecnologia,Ciencia Ficción México
cuento_494.txt,Hilo de plata hilo de araña,Anonimo,robots_y_tecnologia,Ciencia Ficción México
cuento_495.txt,Historia de Rabotity,Anonimo,robots_y_tecnologia,Ciencia Ficción México
cuento_496.txt,Historia de una infidelidad,Anonimo,robots_y_tecnologia,Ciencia Ficción México
cuento_497.txt,Historia de una madre,Anonimo,robots_y_tecnologia,Ciencia Ficción México
cuento_498.txt,Historia del señor Jefries y Nassin el Egipcio,Anonimo,robots_y_tecnologia,Ciencia Ficción México
cuento_499.txt,Historias del sol,Anonimo,robots_y_tecnologia,Ciencia Ficción México
cuento_500.txt,Holger el danés,Anonimo,robots_y_tecnologia,Ciencia Ficción México
cuento_501.txt,Hopepunk de Espejo Humeante Fanzine Reseña,Anonimo,robots_y_tecnologia,Ciencia Ficción México
cuento_502.txt,Héroes II,Anonimo,robots_y_tecnologia,Ciencia Ficción México
cuento_503.txt,III Noche,Anonimo,robots_y_tecnologia,Ciencia Ficción México
cuento_504.txt,II Venganza,Anonimo,robots_y_tecnologia,Ciencia Ficción México
cuento_505.txt,IV Encuentro de Estéticas de Ciencia Ficción 2023,Anonimo,robots_y_tecnologia,Ciencia Ficción México
cuento_506.txt,I Impermeable,Anonimo,robots_y_tecnologia,Ciencia Ficción México
cuento_507.txt,Ib y Cristinita,Anonimo,robots_y_tecnologia,Ciencia Ficción México
cuento_508.txt,Ignorancia,Anonimo,robots_y_tecnologia,Ciencia Ficción México
cuento_509.txt,Implante Obligatorio cuento de Axel Lima Muñiz,Anonimo,robots_y_tecnologia,Ciencia Ficción México
cuento_510.txt,Imprime tu póster,Anonimo,robots_y_tecnologia,Ciencia Ficción México
cuento_511.txt,In Memoriam,Anonimo,robots_y_tecnologia,Ciencia Ficción México
cuento_512.txt,In Nomine Patris Paternidad y otras Quimeras Reseña,Anonimo,robots_y_tecnologia,Ciencia Ficción México
cuento_513.txt,Incomprensión,Anonimo,robots_y_tecnologia,Ciencia Ficción México
cuento_514.txt,Indecisión,Anonimo,robots_y_tecnologia,Ciencia Ficción México
cuento_515.txt,Informe de lectura,Anonimo,robots_y_tecnologia,Ciencia Ficción México
cuento_516.txt,Insectiada,Anonimo,robots_y_tecnologia,Ciencia Ficción México
cuento_517.txt,Intelligentsia IX,Anonimo,robots_y_tecnologia,Ciencia Ficción México
cuento_518.txt,Interpretar signos,Anonimo,robots_y_tecnologia,Ciencia Ficción México
cuento_519.txt,Invasión Silenciosa Reseña,Anonimo,robots_y_tecnologia,Ciencia Ficción México
cuento_520.txt,Isis y los siete escorpiones,Anonimo,robots_y_tecnologia,Ciencia Ficción México
cuento_521.txt,Jazmín García Vázquez Semblanza,Anonimo,robots_y_tecnologia,Ciencia Ficción México
cuento_522.txt,Jeanne et Brimboriau,Anonimo,robots_y_tecnologia,Ciencia Ficción México
cuento_523.txt,Juan Bobo,Anonimo,robots_y_tecnologia,Ciencia Ficción México
cuento_524.txt,Juan Sinmiedo,Anonimo,robots_y_tecnologia,Ciencia Ficción México
cuento_525.txt,Juez juzgado,Anonimo,robots_y_tecnologia,Ciencia Ficción México
cuento_526.txt,Kappa,Anonimo,robots_y_tecnologia,Ciencia Ficción México
cuento_527.txt,Kellkatay-pampa,Anonimo,robots_y_tecnologia,Ciencia Ficción México
cuento_528.txt,Kesa y Moritô,Anonimo,robots_y_tecnologia,Ciencia Ficción México
cuento_529.txt,La Bella Durmiente,Anonimo,robots_y_tecnologia,Ciencia Ficción México
cuento_530.txt,La Bella y la Bestia,Anonimo,robots_y_tecnologia,Ciencia Ficción México
cuento_531.txt,La Cenicienta,Anonimo,robots_y_tecnologia,Ciencia Ficción México
cuento_532.txt,La Isla de los Dinosaurios El Mundo Perdido a la mexicana,Anonimo,robots_y_tecnologia,Ciencia Ficción México
cuento_533.txt,La Leyenda de los Dolgias Reseña,Anonimo,robots_y_tecnologia,Ciencia Ficción México
cuento_534.txt,La Momia Azteca contra el Robot Humano Reseña,Anonimo,robots_y_tecnologia,Ciencia Ficción México
cuento_535.txt,La Musa del nuevo siglo,Anonimo,robots_y_tecnologia,Ciencia Ficción México
cuento_536.txt,La Nochebuena del poeta,Anonimo,robots_y_tecnologia,Ciencia Ficción México
cuento_537.txt,La Sirenita,Anonimo,robots_y_tecnologia,Ciencia Ficción México
cuento_538.txt,La advertencia,Anonimo,robots_y_tecnologia,Ciencia Ficción México
cuento_539.txt,La agonía de Rasu-Ñiti,Anonimo,robots_y_tecnologia,Ciencia Ficción México
cuento_540.txt,La aguja de zurcir,Anonimo,robots_y_tecnologia,Ciencia Ficción México
cuento_541.txt,La almohada maravillosa,Anonimo,robots_y_tecnologia,Ciencia Ficción México
cuento_542.txt,La araña Mizguir,Anonimo,robots_y_tecnologia,Ciencia Ficción México
cuento_543.txt,La aventura de Baba en Dimisch esh Sham,Anonimo,robots_y_tecnologia,Ciencia Ficción México
cuento_544.txt,La boa,Anonimo,robots_y_tecnologia,Ciencia Ficción México
cuento_545.txt,La bola de cristal,Anonimo,robots_y_tecnologia,Ciencia Ficción México
cuento_546.txt,La bruja Baba Yaga,Anonimo,robots_y_tecnologia,Ciencia Ficción México
cuento_547.txt,La bruja y la hermana del Sol,Anonimo,robots_y_tecnologia,Ciencia Ficción México
cuento_548.txt,La buena ardilla,Anonimo,robots_y_tecnologia,Ciencia Ficción México
cuento_549.txt,La buenaventura,Anonimo,robots_y_tecnologia,Ciencia Ficción México
cuento_550.txt,La cabeza de un gato muerto,Anonimo,robots_y_tecnologia,Ciencia Ficción México
cuento_551.txt,La cadena del ancla,Anonimo,robots_y_tecnologia,Ciencia Ficción México
cuento_552.txt,La campana,Anonimo,robots_y_tecnologia,Ciencia Ficción México
cuento_553.txt,La canción de Peronelle,Anonimo,robots_y_tecnologia,Ciencia Ficción México
cuento_554.txt,La casa de los espejos,Anonimo,robots_y_tecnologia,Ciencia Ficción México
cuento_555.txt,La casa encantada,Anonimo,robots_y_tecnologia,Ciencia Ficción México
cuento_556.txt,La casa vieja,Anonimo,robots_y_tecnologia,Ciencia Ficción México
cuento_557.txt,La chica de Nueva Inglaterra,Anonimo,robots_y_tecnologia,Ciencia Ficción México
cuento_558.txt,La ciencia de la pereza,Anonimo,robots_y_tecnologia,Ciencia Ficción México
cuento_559.txt,La ciencia mágica,Anonimo,robots_y_tecnologia,Ciencia Ficción México
cuento_560.txt,La comadreja y su marido,Anonimo,robots_y_tecnologia,Ciencia Ficción México
cuento_561.txt,La conversión de Chiripa,Anonimo,robots_y_tecnologia,Ciencia Ficción México
cuento_562.txt,La copia perfecta,Anonimo,robots_y_tecnologia,Ciencia Ficción México
cuento_563.txt,La creación de La Tierra,Anonimo,robots_y_tecnologia,Ciencia Ficción México
cuento_564.txt,La creación de la tierra y el cielo,Anonimo,robots_y_tecnologia,Ciencia Ficción México
cuento_565.txt,La creación del universo,Anonimo,robots_y_tecnologia,Ciencia Ficción México
cuento_566.txt,La cruz escondida,Anonimo,robots_y_tecnologia,Ciencia Ficción México
cuento_567.txt,La cueva de Montesinos,Anonimo,robots_y_tecnologia,Ciencia Ficción México
cuento_568.txt,La curación de la hija del zar,Anonimo,robots_y_tecnologia,Ciencia Ficción México
cuento_569.txt,La cólera de un particular,Anonimo,robots_y_tecnologia,Ciencia Ficción México
cuento_570.txt,La despedida,Anonimo,robots_y_tecnologia,Ciencia Ficción México
cuento_571.txt,La disputa,Anonimo,robots_y_tecnologia,Ciencia Ficción México
cuento_572.txt,La doble trampa mortal,Anonimo,robots_y_tecnologia,Ciencia Ficción México
cuento_573.txt,La doncella cierva,Anonimo,robots_y_tecnologia,Ciencia Ficción México
cuento_574.txt,La doncella sin manos,Anonimo,robots_y_tecnologia,Ciencia Ficción México
cuento_575.txt,La dríade,Anonimo,robots_y_tecnologia,Ciencia Ficción México
cuento_576.txt,La elocuencia del silencio,Anonimo,robots_y_tecnologia,Ciencia Ficción México
cuento_577.txt,La escuela del hambre,Anonimo,robots_y_tecnologia,Ciencia Ficción México
cuento_578.txt,La esmeralda encantada,Anonimo,robots_y_tecnologia,Ciencia Ficción México
cuento_579.txt,La espinosa senda del honor,Anonimo,robots_y_tecnologia,Ciencia Ficción México
cuento_580.txt,La extranjera,Anonimo,robots_y_tecnologia,Ciencia Ficción México
cuento_581.txt,La factoría de Farjalla Bill Alí,Anonimo,robots_y_tecnologia,Ciencia Ficción México
cuento_582.txt,La falsa vieja,Anonimo,robots_y_tecnologia,Ciencia Ficción México
cuento_583.txt,La familia de Hühnergrete,Anonimo,robots_y_tecnologia,Ciencia Ficción México
cuento_584.txt,La familia feliz,Anonimo,robots_y_tecnologia,Ciencia Ficción México
cuento_585.txt,La fiesta de baile,Anonimo,robots_y_tecnologia,Ciencia Ficción México
cuento_586.txt,La flor del cantueso,Anonimo,robots_y_tecnologia,Ciencia Ficción México
cuento_587.txt,La foto,Anonimo,robots_y_tecnologia,Ciencia Ficción México
cuento_588.txt,La fuente de la juventud,Anonimo,robots_y_tecnologia,Ciencia Ficción México
cuento_589.txt,La fuerza de Dios,Anonimo,robots_y_tecnologia,Ciencia Ficción México
cuento_590.txt,La gallera,Anonimo,robots_y_tecnologia,Ciencia Ficción México
cuento_591.txt,La gallina de los huevos de oro,Anonimo,robots_y_tecnologia,Ciencia Ficción México
cuento_592.txt,La gota de agua,Anonimo,robots_y_tecnologia,Ciencia Ficción México
cuento_593.txt,La gran serpiente de mar,Anonimo,robots_y_tecnologia,Ciencia Ficción México
cuento_594.txt,La granada XVI,Anonimo,robots_y_tecnologia,Ciencia Ficción México
cuento_595.txt,La grave enfermedad,Anonimo,robots_y_tecnologia,Ciencia Ficción México
cuento_596.txt,La habichuela mágica,Anonimo,robots_y_tecnologia,Ciencia Ficción México
cuento_597.txt,La hija del conde de Ponthieu,Anonimo,robots_y_tecnologia,Ciencia Ficción México
cuento_598.txt,La hija del rey del pantano,Anonimo,robots_y_tecnologia,Ciencia Ficción México
cuento_599.txt,La historia del año,Anonimo,robots_y_tecnologia,Ciencia Ficción México
cuento_600.txt,La horripilante bestia humana reseña,Anonimo,robots_y_tecnologia,Ciencia Ficción México
cuento_601.txt,La hoya de la campana,Anonimo,robots_y_tecnologia,Ciencia Ficción México
cuento_602.txt,La hucha,Anonimo,robots_y_tecnologia,Ciencia Ficción México
cuento_603.txt,La huerta,Anonimo,robots_y_tecnologia,Ciencia Ficción México
cuento_604.txt,La imperfecta casada,Anonimo,robots_y_tecnologia,Ciencia Ficción México
cuento_605.txt,La invernada de los animales,Anonimo,robots_y_tecnologia,Ciencia Ficción México
cuento_606.txt,La jirafa,Anonimo,robots_y_tecnologia,Ciencia Ficción México
cuento_607.txt,La ley del péndulo,Anonimo,robots_y_tecnologia,Ciencia Ficción México
cuento_608.txt,La leyenda de Osiris,Anonimo,robots_y_tecnologia,Ciencia Ficción México
cuento_609.txt,La leyenda del murciélago,Anonimo,robots_y_tecnologia,Ciencia Ficción México
cuento_610.txt,La linterna mágica,Anonimo,robots_y_tecnologia,Ciencia Ficción México
cuento_611.txt,La llave de la casa,Anonimo,robots_y_tecnologia,Ciencia Ficción México
cuento_612.txt,La llave de la felicidad,Anonimo,robots_y_tecnologia,Ciencia Ficción México
cuento_613.txt,La loca de Auray,Anonimo,robots_y_tecnologia,Ciencia Ficción México
cuento_614.txt,La luna roja,Anonimo,robots_y_tecnologia,Ciencia Ficción México
cuento_615.txt,La madera de sándalo,Anonimo,robots_y_tecnologia,Ciencia Ficción México
cuento_616.txt,La madrastra y la niña,Anonimo,robots_y_tecnologia,Ciencia Ficción México
cuento_617.txt,La madre,Anonimo,robots_y_tecnologia,Ciencia Ficción México
cuento_618.txt,La maestra,Anonimo,robots_y_tecnologia,Ciencia Ficción México
cuento_619.txt,La mamá cabra y los siete cabritillos,Anonimo,robots_y_tecnologia,Ciencia Ficción México
cuento_620.txt,La mandarina,Anonimo,robots_y_tecnologia,Ciencia Ficción México
cuento_621.txt,La margarita,Anonimo,robots_y_tecnologia,Ciencia Ficción México
cuento_622.txt,La mariposa,Anonimo,robots_y_tecnologia,Ciencia Ficción México
cuento_623.txt,La mata de albahaca,Anonimo,robots_y_tecnologia,Ciencia Ficción México
cuento_624.txt,La mentira no contada,Anonimo,robots_y_tecnologia,Ciencia Ficción México
cuento_625.txt,La migala,Anonimo,robots_y_tecnologia,Ciencia Ficción México
cuento_626.txt,La mirilla,Anonimo,robots_y_tecnologia,Ciencia Ficción México
cuento_627.txt,La misa de las ánimas,Anonimo,robots_y_tecnologia,Ciencia Ficción México
cuento_628.txt,La mitad de una manta,Anonimo,robots_y_tecnologia,Ciencia Ficción México
cuento_629.txt,La muerte,Anonimo,robots_y_tecnologia,Ciencia Ficción México
cuento_630.txt,La muerte de los Arango,Anonimo,robots_y_tecnologia,Ciencia Ficción México
cuento_631.txt,La muestra,Anonimo,robots_y_tecnologia,Ciencia Ficción México
cuento_632.txt,La mujer alta,Anonimo,robots_y_tecnologia,Ciencia Ficción México
cuento_633.txt,La más feliz,Anonimo,robots_y_tecnologia,Ciencia Ficción México
cuento_634.txt,La médica,Anonimo,robots_y_tecnologia,Ciencia Ficción México
cuento_635.txt,La nariz,Anonimo,robots_y_tecnologia,Ciencia Ficción México
cuento_636.txt,La naturaleza de la mente,Anonimo,robots_y_tecnologia,Ciencia Ficción México
cuento_637.txt,La negrita y la vaquita,Anonimo,robots_y_tecnologia,Ciencia Ficción México
cuento_638.txt,La niña de la caja de cristal,Anonimo,robots_y_tecnologia,Ciencia Ficción México
cuento_639.txt,La niña de los fósforos,Anonimo,robots_y_tecnologia,Ciencia Ficción México
cuento_640.txt,La niña de los tres maridos,Anonimo,robots_y_tecnologia,Ciencia Ficción México
cuento_641.txt,La niña judía,Anonimo,robots_y_tecnologia,Ciencia Ficción México
cuento_642.txt,La niña lista,Anonimo,robots_y_tecnologia,Ciencia Ficción México
cuento_643.txt,La niña que pisoteó el pan,Anonimo,robots_y_tecnologia,Ciencia Ficción México
cuento_644.txt,La niña y el acróbata,Anonimo,robots_y_tecnologia,Ciencia Ficción México
cuento_645.txt,La noche mala del diablo,Anonimo,robots_y_tecnologia,Ciencia Ficción México
cuento_646.txt,La ola de perfume verde,Anonimo,robots_y_tecnologia,Ciencia Ficción México
cuento_647.txt,La olla de barro,Anonimo,robots_y_tecnologia,Ciencia Ficción México
cuento_648.txt,La otra,Anonimo,robots_y_tecnologia,Ciencia Ficción México
cuento_649.txt,La otra mujer,Anonimo,robots_y_tecnologia,Ciencia Ficción México
cuento_650.txt,La paloma y la rosa,Anonimo,robots_y_tecnologia,Ciencia Ficción México
cuento_651.txt,La palomita de la patita de cera,Anonimo,robots_y_tecnologia,Ciencia Ficción México
cuento_652.txt,La pareja de enamorados,Anonimo,robots_y_tecnologia,Ciencia Ficción México
cuento_653.txt,La pastora y el deshollinador,Anonimo,robots_y_tecnologia,Ciencia Ficción México
cuento_654.txt,La pava,Anonimo,robots_y_tecnologia,Ciencia Ficción México
cuento_655.txt,La piedra de toque,Anonimo,robots_y_tecnologia,Ciencia Ficción México
cuento_656.txt,La piedra filosofal,Anonimo,robots_y_tecnologia,Ciencia Ficción México
cuento_657.txt,La piedra y la cruz,Anonimo,robots_y_tecnologia,Ciencia Ficción México
cuento_658.txt,La pista de los dientes de oro,Anonimo,robots_y_tecnologia,Ciencia Ficción México
cuento_659.txt,La posesión de Altair Reseña,Anonimo,robots_y_tecnologia,Ciencia Ficción México
cuento_660.txt,La princesa del guisante,Anonimo,robots_y_tecnologia,Ciencia Ficción México
cuento_661.txt,La princesa durmiente y los siete gigantes,Anonimo,robots_y_tecnologia,Ciencia Ficción México
cuento_662.txt,La princesa y el frijol,Anonimo,robots_y_tecnologia,Ciencia Ficción México
cuento_663.txt,La procesión de los 100 fantasmas,Anonimo,robots_y_tecnologia,Ciencia Ficción México
cuento_664.txt,La protección por el libro,Anonimo,robots_y_tecnologia,Ciencia Ficción México
cuento_665.txt,La pulga y el profesor,Anonimo,robots_y_tecnologia,Ciencia Ficción México
cuento_666.txt,La rana zarevna,Anonimo,robots_y_tecnologia,Ciencia Ficción México
cuento_667.txt,La ratita presumida,Anonimo,robots_y_tecnologia,Ciencia Ficción México
cuento_668.txt,La región salvaje reseña,Anonimo,robots_y_tecnologia,Ciencia Ficción México
cuento_669.txt,La rosa de oro,Anonimo,robots_y_tecnologia,Ciencia Ficción México
cuento_670.txt,La rosa más bella del mundo,Anonimo,robots_y_tecnologia,Ciencia Ficción México
cuento_671.txt,La rueda del tiempo,Anonimo,robots_y_tecnologia,Ciencia Ficción México
cuento_672.txt,La salchicha que no quería ser asada,Anonimo,robots_y_tecnologia,Ciencia Ficción México
cuento_673.txt,La sandalia de Nitocris,Anonimo,robots_y_tecnologia,Ciencia Ficción México
cuento_674.txt,La secta del Loto Blanco,Anonimo,robots_y_tecnologia,Ciencia Ficción México
cuento_675.txt,La serpiente blanca,Anonimo,robots_y_tecnologia,Ciencia Ficción México
cuento_676.txt,La señal,Anonimo,robots_y_tecnologia,Ciencia Ficción México
cuento_677.txt,La signatura de la esfinge,Anonimo,robots_y_tecnologia,Ciencia Ficción México
cuento_678.txt,La sirena del bosque,Anonimo,robots_y_tecnologia,Ciencia Ficción México
cuento_679.txt,La sombra,Anonimo,robots_y_tecnologia,Ciencia Ficción México
cuento_680.txt,La sopa de piedra,Anonimo,robots_y_tecnologia,Ciencia Ficción México
cuento_681.txt,La sospecha,Anonimo,robots_y_tecnologia,Ciencia Ficción México
cuento_682.txt,La suerte puede estar en un palito,Anonimo,robots_y_tecnologia,Ciencia Ficción México
cuento_683.txt,La sunamita,Anonimo,robots_y_tecnologia,Ciencia Ficción México
cuento_684.txt,La tempestad cambia los rótulos,Anonimo,robots_y_tecnologia,Ciencia Ficción México
cuento_685.txt,La tetera,Anonimo,robots_y_tecnologia,Ciencia Ficción México
cuento_686.txt,La tortuga y la argolla,Anonimo,robots_y_tecnologia,Ciencia Ficción México
cuento_687.txt,La trampilla,Anonimo,robots_y_tecnologia,Ciencia Ficción México
cuento_688.txt,La tía,Anonimo,robots_y_tecnologia,Ciencia Ficción México
cuento_689.txt,La vaquita parda,Anonimo,robots_y_tecnologia,Ciencia Ficción México
cuento_690.txt,La vejiga la paja y el calzón de líber,Anonimo,robots_y_tecnologia,Ciencia Ficción México
cuento_691.txt,La vela de sebo,Anonimo,robots_y_tecnologia,Ciencia Ficción México
cuento_692.txt,La verdad es la verdad,Anonimo,robots_y_tecnologia,Ciencia Ficción México
cuento_693.txt,La vieja losa sepulcral,Anonimo,robots_y_tecnologia,Ciencia Ficción México
cuento_694.txt,La vuelta en redondo,Anonimo,robots_y_tecnologia,Ciencia Ficción México
cuento_695.txt,La yernocracia,Anonimo,robots_y_tecnologia,Ciencia Ficción México
cuento_696.txt,La zorra la liebre y el gallo,Anonimo,robots_y_tecnologia,Ciencia Ficción México
cuento_697.txt,La última perla,Anonimo,robots_y_tecnologia,Ciencia Ficción México
cuento_698.txt,Laboratoria de cuento de ciencia ficción Imaginarias Premio,Anonimo,robots_y_tecnologia,Ciencia Ficción México
cuento_699.txt,Ladrón,Anonimo,robots_y_tecnologia,Ciencia Ficción México
cuento_700.txt,Las advertencias,Anonimo,robots_y_tecnologia,Ciencia Ficción México
cuento_701.txt,Las alas robadas,Anonimo,robots_y_tecnologia,Ciencia Ficción México
cuento_702.txt,Las aventuras de Sowe,Anonimo,robots_y_tecnologia,Ciencia Ficción México
cuento_703.txt,Las aventuras del cardo,Anonimo,robots_y_tecnologia,Ciencia Ficción México
cuento_704.txt,Las cigüeñas,Anonimo,robots_y_tecnologia,Ciencia Ficción México
cuento_705.txt,Las dos glorias,Anonimo,robots_y_tecnologia,Ciencia Ficción México
cuento_706.txt,Las dos ranas,Anonimo,robots_y_tecnologia,Ciencia Ficción México
cuento_707.txt,Las estatuas,Anonimo,robots_y_tecnologia,Ciencia Ficción México
cuento_708.txt,Las fantasías de una abeja,Anonimo,robots_y_tecnologia,Ciencia Ficción México
cuento_709.txt,Las fieras,Anonimo,robots_y_tecnologia,Ciencia Ficción México
cuento_710.txt,Las flores de la pequeña Ida,Anonimo,robots_y_tecnologia,Ciencia Ficción México
cuento_711.txt,Las habichuelas mágicas,Anonimo,robots_y_tecnologia,Ciencia Ficción México
cuento_712.txt,Las manos,Anonimo,robots_y_tecnologia,Ciencia Ficción México
cuento_713.txt,Las mariposas nocturnas,Anonimo,robots_y_tecnologia,Ciencia Ficción México
cuento_714.txt,Las muertes,Anonimo,robots_y_tecnologia,Ciencia Ficción México
cuento_715.txt,Las palabras silenciosas,Anonimo,robots_y_tecnologia,Ciencia Ficción México
cuento_716.txt,Las pescadoras,Anonimo,robots_y_tecnologia,Ciencia Ficción México
cuento_717.txt,Las semillas de la discordia,Anonimo,robots_y_tecnologia,Ciencia Ficción México
cuento_718.txt,Las tres naranjitas,Anonimo,robots_y_tecnologia,Ciencia Ficción México
cuento_719.txt,Las tres rejas,Anonimo,robots_y_tecnologia,Ciencia Ficción México
cuento_720.txt,Las velas,Anonimo,robots_y_tecnologia,Ciencia Ficción México
cuento_721.txt,Las últimas miradas,Anonimo,robots_y_tecnologia,Ciencia Ficción México
cuento_722.txt,Lealtad,Anonimo,robots_y_tecnologia,Ciencia Ficción México
cuento_723.txt,Lección dada a un jorobado,Anonimo,robots_y_tecnologia,Ciencia Ficción México
cuento_724.txt,Lectura edición y difusión en la actualidad de la ciencia ficción en México,Anonimo,robots_y_tecnologia,Ciencia Ficción México
cuento_725.txt,Leyenda de la creación,Anonimo,robots_y_tecnologia,Ciencia Ficción México
cuento_726.txt,Leyenda del ayaymama,Anonimo,robots_y_tecnologia,Ciencia Ficción México
cuento_727.txt,Libertad,Anonimo,robots_y_tecnologia,Ciencia Ficción México
cuento_728.txt,Licantropía,Anonimo,robots_y_tecnologia,Ciencia Ficción México
cuento_729.txt,LoFi Gravity recorriendo el sistema solar en una nave musical,Anonimo,robots_y_tecnologia,Ciencia Ficción México
cuento_730.txt,Lo esencial y lo trivial,Anonimo,robots_y_tecnologia,Ciencia Ficción México
cuento_731.txt,Lo mejor de la Ciencia Ficción Mexicana 2023,Anonimo,robots_y_tecnologia,Ciencia Ficción México
cuento_732.txt,Lo más increíble,Anonimo,robots_y_tecnologia,Ciencia Ficción México
cuento_733.txt,Lo que contaba la vieja Juana,Anonimo,robots_y_tecnologia,Ciencia Ficción México
cuento_734.txt,Lo que dijo toda la familia,Anonimo,robots_y_tecnologia,Ciencia Ficción México
cuento_735.txt,Lo que el viento cuenta de Valdemar Daae y de sus hijas,Anonimo,robots_y_tecnologia,Ciencia Ficción México
cuento_736.txt,Lo que hace el padre bien hecho está,Anonimo,robots_y_tecnologia,Ciencia Ficción México
cuento_737.txt,Lo que no se comprende,Anonimo,robots_y_tecnologia,Ciencia Ficción México
cuento_738.txt,Lo que se puede inventar,Anonimo,robots_y_tecnologia,Ciencia Ficción México
cuento_739.txt,Lo sucedido antiguamente por el robo de la hija de Xucaneb,Anonimo,robots_y_tecnologia,Ciencia Ficción México
cuento_740.txt,Logia de maniáticos IV,Anonimo,robots_y_tecnologia,Ciencia Ficción México
cuento_741.txt,Los Onironautas de Esteban Govea Reseña,Anonimo,robots_y_tecnologia,Ciencia Ficción México
cuento_742.txt,Los Vados Infectos,Anonimo,robots_y_tecnologia,Ciencia Ficción México
cuento_743.txt,Los alimentos terrestres,Anonimo,robots_y_tecnologia,Ciencia Ficción México
cuento_744.txt,Los bandidos de Uad Djuari,Anonimo,robots_y_tecnologia,Ciencia Ficción México
cuento_745.txt,Los barcos viejos,Anonimo,robots_y_tecnologia,Ciencia Ficción México
cuento_746.txt,Los bielleses gente dura,Anonimo,robots_y_tecnologia,Ciencia Ficción México
cuento_747.txt,Los brahmanes y el león,Anonimo,robots_y_tecnologia,Ciencia Ficción México
cuento_748.txt,Los brazaletes de oro,Anonimo,robots_y_tecnologia,Ciencia Ficción México
cuento_749.txt,Los campeones de salto,Anonimo,robots_y_tecnologia,Ciencia Ficción México
cuento_750.txt,Los cazadores de marfil,Anonimo,robots_y_tecnologia,Ciencia Ficción México
cuento_751.txt,Los chanclos de la suerte,Anonimo,robots_y_tecnologia,Ciencia Ficción México
cuento_752.txt,Los ciegos y el elefante,Anonimo,robots_y_tecnologia,Ciencia Ficción México
cuento_753.txt,Los ciegos y el elefante 1,Anonimo,robots_y_tecnologia,Ciencia Ficción México
cuento_754.txt,Los ciervos celestiales,Anonimo,robots_y_tecnologia,Ciencia Ficción México
cuento_755.txt,Los cisnes salvajes,Anonimo,robots_y_tecnologia,Ciencia Ficción México
cuento_756.txt,Los comuneros de Akola,Anonimo,robots_y_tecnologia,Ciencia Ficción México
cuento_757.txt,Los comuneros de Utej-pampa,Anonimo,robots_y_tecnologia,Ciencia Ficción México
cuento_758.txt,Los corredores,Anonimo,robots_y_tecnologia,Ciencia Ficción México
cuento_759.txt,Los designios del karma,Anonimo,robots_y_tecnologia,Ciencia Ficción México
cuento_760.txt,Los dos jorobados,Anonimo,robots_y_tecnologia,Ciencia Ficción México
cuento_761.txt,Los dos monjes y la hermosa muchacha,Anonimo,robots_y_tecnologia,Ciencia Ficción México
cuento_762.txt,Los dos místicos,Anonimo,robots_y_tecnologia,Ciencia Ficción México
cuento_763.txt,Los dos sadhus,Anonimo,robots_y_tecnologia,Ciencia Ficción México
cuento_764.txt,Los dos sastres,Anonimo,robots_y_tecnologia,Ciencia Ficción México
cuento_765.txt,Los días de la semana,Anonimo,robots_y_tecnologia,Ciencia Ficción México
cuento_766.txt,Los eruditos,Anonimo,robots_y_tecnologia,Ciencia Ficción México
cuento_767.txt,Los escoleros,Anonimo,robots_y_tecnologia,Ciencia Ficción México
cuento_768.txt,Los espejos,Anonimo,robots_y_tecnologia,Ciencia Ficción México
cuento_769.txt,Los fuegos fatuos están en la ciudad dijo la Reina del Pantano,Anonimo,robots_y_tecnologia,Ciencia Ficción México
cuento_770.txt,Los guardianes,Anonimo,robots_y_tecnologia,Ciencia Ficción México
cuento_771.txt,Los hijos de Nut,Anonimo,robots_y_tecnologia,Ciencia Ficción México
cuento_772.txt,Los hombres fieras,Anonimo,robots_y_tecnologia,Ciencia Ficción México
cuento_773.txt,Los inocentes,Anonimo,robots_y_tecnologia,Ciencia Ficción México
cuento_774.txt,Los ladrones,Anonimo,robots_y_tecnologia,Ciencia Ficción México
cuento_775.txt,Los ladrones arrepentidos,Anonimo,robots_y_tecnologia,Ciencia Ficción México
cuento_776.txt,Los ladrones de nueces,Anonimo,robots_y_tecnologia,Ciencia Ficción México
cuento_777.txt,Los monos,Anonimo,robots_y_tecnologia,Ciencia Ficción México
cuento_778.txt,Los músicos de Bremen,Anonimo,robots_y_tecnologia,Ciencia Ficción México
cuento_779.txt,Los orfebres,Anonimo,robots_y_tecnologia,Ciencia Ficción México
cuento_780.txt,Los piojitos de la princesa,Anonimo,robots_y_tecnologia,Ciencia Ficción México
cuento_781.txt,Los siete conejos blancos,Anonimo,robots_y_tecnologia,Ciencia Ficción México
cuento_782.txt,Los siete cuervos,Anonimo,robots_y_tecnologia,Ciencia Ficción México
cuento_783.txt,Los sueños del rey,Anonimo,robots_y_tecnologia,Ciencia Ficción México
cuento_784.txt,Los trapos viejos,Anonimo,robots_y_tecnologia,Ciencia Ficción México
cuento_785.txt,Los tres cerditos,Anonimo,robots_y_tecnologia,Ciencia Ficción México
cuento_786.txt,Los tres enanitos del bosque,Anonimo,robots_y_tecnologia,Ciencia Ficción México
cuento_787.txt,Los vecinos,Anonimo,robots_y_tecnologia,Ciencia Ficción México
cuento_788.txt,Los verdezuelos,Anonimo,robots_y_tecnologia,Ciencia Ficción México
cuento_789.txt,Los zapatos rojos,Anonimo,robots_y_tecnologia,Ciencia Ficción México
cuento_790.txt,Lámparas apagadas,Anonimo,robots_y_tecnologia,Ciencia Ficción México
cuento_791.txt,Madre,Anonimo,robots_y_tecnologia,Ciencia Ficción México
cuento_792.txt,Malviajes en el tiempo Reseña,Anonimo,robots_y_tecnologia,Ciencia Ficción México
cuento_793.txt,Manos,Anonimo,robots_y_tecnologia,Ciencia Ficción México
cuento_794.txt,Mapas,Anonimo,robots_y_tecnologia,Ciencia Ficción México
cuento_795.txt,Marama y el río de los cocodrilos,Anonimo,robots_y_tecnologia,Ciencia Ficción México
cuento_796.txt,Marco el Rico y Basilio el Desgraciado,Anonimo,robots_y_tecnologia,Ciencia Ficción México
cuento_797.txt,Mariana,Anonimo,robots_y_tecnologia,Ciencia Ficción México
cuento_798.txt,Mariposa,Anonimo,robots_y_tecnologia,Ciencia Ficción México
cuento_799.txt,Marzo y el pastor,Anonimo,robots_y_tecnologia,Ciencia Ficción México
cuento_800.txt,Maternidad,Anonimo,robots_y_tecnologia,Ciencia Ficción México
cuento_801.txt,Matrioska,Anonimo,robots_y_tecnologia,Ciencia Ficción México
cuento_802.txt,Mañana difunta,Anonimo,robots_y_tecnologia,Ciencia Ficción México
cuento_803.txt,Mañana te lo diré,Anonimo,robots_y_tecnologia,Ciencia Ficción México
cuento_804.txt,Medicina para curar el éxtasis,Anonimo,robots_y_tecnologia,Ciencia Ficción México
cuento_805.txt,Menos Asociaciones y más trabajo colectivo,Anonimo,robots_y_tecnologia,Ciencia Ficción México
cuento_806.txt,Mexa Sci-Fi Conversatorio con Andrea Chapela en la Fiesta del Libro Puebla 2023,Anonimo,robots_y_tecnologia,Ciencia Ficción México
cuento_807.txt,Mexafuturismo José Luis Ramírez editor,Anonimo,robots_y_tecnologia,Ciencia Ficción México
cuento_808.txt,Mi entierro Discurso de un loco,Anonimo,robots_y_tecnologia,Ciencia Ficción México
cuento_809.txt,Mi hijo está conmigo,Anonimo,robots_y_tecnologia,Ciencia Ficción México
cuento_810.txt,Mi maestro y yo reseña,Anonimo,robots_y_tecnologia,Ciencia Ficción México
cuento_811.txt,Mical García Semblanza,Anonimo,robots_y_tecnologia,Ciencia Ficción México
cuento_812.txt,Mientras la ciudad duerme Reseña,Anonimo,robots_y_tecnologia,Ciencia Ficción México
cuento_813.txt,Milagro,Anonimo,robots_y_tecnologia,Ciencia Ficción México
cuento_814.txt,Misterio película de 1980,Anonimo,robots_y_tecnologia,Ciencia Ficción México
cuento_815.txt,Momotaro,Anonimo,robots_y_tecnologia,Ciencia Ficción México
cuento_816.txt,Muerte,Anonimo,robots_y_tecnologia,Ciencia Ficción México
cuento_817.txt,Muerte en el bosque,Anonimo,robots_y_tecnologia,Ciencia Ficción México
cuento_818.txt,Mujeres de ciencia en la ciencia ficción mexicana,Anonimo,robots_y_tecnologia,Ciencia Ficción México
cuento_819.txt,Musicalizando El problema de los tres cuerpos con Quino Islas,Anonimo,robots_y_tecnologia,Ciencia Ficción México
cuento_820.txt,Más allá de las diferencias,Anonimo,robots_y_tecnologia,Ciencia Ficción México
cuento_821.txt,Más allá del arco iris de Raúl de la Torre R reseña,Anonimo,robots_y_tecnologia,Ciencia Ficción México
cuento_822.txt,México 2000 un satírico vistazo al futuro,Anonimo,robots_y_tecnologia,Ciencia Ficción México
cuento_823.txt,Nada existe,Anonimo,robots_y_tecnologia,Ciencia Ficción México
cuento_824.txt,Nadie lo sabe,Anonimo,robots_y_tecnologia,Ciencia Ficción México
cuento_825.txt,Nasrudín visita la India,Anonimo,robots_y_tecnologia,Ciencia Ficción México
cuento_826.txt,Nasrudín y Tamerlán,Anonimo,robots_y_tecnologia,Ciencia Ficción México
cuento_827.txt,Navidad en los Andes,Anonimo,robots_y_tecnologia,Ciencia Ficción México
cuento_828.txt,Nerón y Berta,Anonimo,robots_y_tecnologia,Ciencia Ficción México
cuento_829.txt,Newton Descartes y las Sizigias de Fray Manuel Antonio de Rivas,Anonimo,robots_y_tecnologia,Ciencia Ficción México
cuento_830.txt,Ni tú ni yo somos los mismos,Anonimo,robots_y_tecnologia,Ciencia Ficción México
cuento_831.txt,Nieve silenciosa nieve secreta,Anonimo,robots_y_tecnologia,Ciencia Ficción México
cuento_832.txt,Niña de nieve,Anonimo,robots_y_tecnologia,Ciencia Ficción México
cuento_833.txt,No era buena para nada,Anonimo,robots_y_tecnologia,Ciencia Ficción México
cuento_834.txt,Noche terrible,Anonimo,robots_y_tecnologia,Ciencia Ficción México
cuento_835.txt,Noctilucas,Anonimo,robots_y_tecnologia,Ciencia Ficción México
cuento_836.txt,Noticia deportiva,Anonimo,robots_y_tecnologia,Ciencia Ficción México
cuento_837.txt,Nova X El Caso 94 Reseña,Anonimo,robots_y_tecnologia,Ciencia Ficción México
cuento_838.txt,Novedades editoriales julio 2024,Anonimo,robots_y_tecnologia,Ciencia Ficción México
cuento_839.txt,Nuestros tiempos película de 2025,Anonimo,robots_y_tecnologia,Ciencia Ficción México
cuento_840.txt,Ocho elefantes blancos,Anonimo,robots_y_tecnologia,Ciencia Ficción México
cuento_841.txt,Odio desde la otra vida,Anonimo,robots_y_tecnologia,Ciencia Ficción México
cuento_842.txt,Olga,Anonimo,robots_y_tecnologia,Ciencia Ficción México
cuento_843.txt,Opus 123,Anonimo,robots_y_tecnologia,Ciencia Ficción México
cuento_844.txt,Orfandad,Anonimo,robots_y_tecnologia,Ciencia Ficción México
cuento_845.txt,Orovilca,Anonimo,robots_y_tecnologia,Ciencia Ficción México
cuento_846.txt,Osvaldo A Patiño Semblanza,Anonimo,robots_y_tecnologia,Ciencia Ficción México
cuento_847.txt,Palillos de marfil,Anonimo,robots_y_tecnologia,Ciencia Ficción México
cuento_848.txt,Panki y el guerrero,Anonimo,robots_y_tecnologia,Ciencia Ficción México
cuento_849.txt,Para qué adular,Anonimo,robots_y_tecnologia,Ciencia Ficción México
cuento_850.txt,Para siempre,Anonimo,robots_y_tecnologia,Ciencia Ficción México
cuento_851.txt,Para vicios,Anonimo,robots_y_tecnologia,Ciencia Ficción México
cuento_852.txt,Partida,Anonimo,robots_y_tecnologia,Ciencia Ficción México
cuento_853.txt,Parto,Anonimo,robots_y_tecnologia,Ciencia Ficción México
cuento_854.txt,Parturient montes,Anonimo,robots_y_tecnologia,Ciencia Ficción México
cuento_855.txt,Pedro Perico y Pedrín,Anonimo,robots_y_tecnologia,Ciencia Ficción México
cuento_856.txt,Pedro sin miedo,Anonimo,robots_y_tecnologia,Ciencia Ficción México
cuento_857.txt,Pedro y el lobo,Anonimo,robots_y_tecnologia,Ciencia Ficción México
cuento_858.txt,Pequeños propietarios,Anonimo,robots_y_tecnologia,Ciencia Ficción México
cuento_859.txt,Perfume de alcantarilla,Anonimo,robots_y_tecnologia,Ciencia Ficción México
cuento_860.txt,Perico Paciencia,Anonimo,robots_y_tecnologia,Ciencia Ficción México
cuento_861.txt,Peter Pan,Anonimo,robots_y_tecnologia,Ciencia Ficción México
cuento_862.txt,Piedad para la belleza,Anonimo,robots_y_tecnologia,Ciencia Ficción México
cuento_863.txt,Pimentilla en la ratonera,Anonimo,robots_y_tecnologia,Ciencia Ficción México
cuento_864.txt,Planeta Misterio Reseña,Anonimo,robots_y_tecnologia,Ciencia Ficción México
cuento_865.txt,Pluma y tintero,Anonimo,robots_y_tecnologia,Ciencia Ficción México
cuento_866.txt,Por decir amén,Anonimo,robots_y_tecnologia,Ciencia Ficción México
cuento_867.txt,Por quién debo afligirme,Anonimo,robots_y_tecnologia,Ciencia Ficción México
cuento_868.txt,Potanka,Anonimo,robots_y_tecnologia,Ciencia Ficción México
cuento_869.txt,Preferencias escatológicas,Anonimo,robots_y_tecnologia,Ciencia Ficción México
cuento_870.txt,Premio Imaginación y Futuro 2024,Anonimo,robots_y_tecnologia,Ciencia Ficción México
cuento_871.txt,Premio Imaginarias mujeres que incentivan y difunden ciencia ficción de mujeres,Anonimo,robots_y_tecnologia,Ciencia Ficción México
cuento_872.txt,Premio Nacional de Literatura Fantástica Universidad de Sonora convocatoria,Anonimo,robots_y_tecnologia,Ciencia Ficción México
cuento_873.txt,Premio de Cuento de Ciencia Ficción del Festival Semillas 2024,Anonimo,robots_y_tecnologia,Ciencia Ficción México
cuento_874.txt,Presentación de Ficciones Metalúdicas,Anonimo,robots_y_tecnologia,Ciencia Ficción México
cuento_875.txt,Presentación del número 3 de la Revista Anapoyesis Guerra,Anonimo,robots_y_tecnologia,Ciencia Ficción México
cuento_876.txt,Programas de ciencia ficción en la televisión mexicana,Anonimo,robots_y_tecnologia,Ciencia Ficción México
cuento_877.txt,Psiquis,Anonimo,robots_y_tecnologia,Ciencia Ficción México
cuento_878.txt,Pueblerina,Anonimo,robots_y_tecnologia,Ciencia Ficción México
cuento_879.txt,Pulgarcita,Anonimo,robots_y_tecnologia,Ciencia Ficción México
cuento_880.txt,Pulgarcito,Anonimo,robots_y_tecnologia,Ciencia Ficción México
cuento_881.txt,Pureza de corazón,Anonimo,robots_y_tecnologia,Ciencia Ficción México
cuento_882.txt,Píldoras de papel,Anonimo,robots_y_tecnologia,Ciencia Ficción México
cuento_883.txt,Quiero saber por qué,Anonimo,robots_y_tecnologia,Ciencia Ficción México
cuento_884.txt,Qué hermosa,Anonimo,robots_y_tecnologia,Ciencia Ficción México
cuento_885.txt,Rahutia la bailarina,Anonimo,robots_y_tecnologia,Ciencia Ficción México
cuento_886.txt,Rapunzel,Anonimo,robots_y_tecnologia,Ciencia Ficción México
cuento_887.txt,Raro,Anonimo,robots_y_tecnologia,Ciencia Ficción México
cuento_888.txt,Rashomon,Anonimo,robots_y_tecnologia,Ciencia Ficción México
cuento_889.txt,Ratón de campo y ratón de ciudad,Anonimo,robots_y_tecnologia,Ciencia Ficción México
cuento_890.txt,Receta casera,Anonimo,robots_y_tecnologia,Ciencia Ficción México
cuento_891.txt,Reflejo,Anonimo,robots_y_tecnologia,Ciencia Ficción México
cuento_892.txt,Reflexión,Anonimo,robots_y_tecnologia,Ciencia Ficción México
cuento_893.txt,Respectabilidad,Anonimo,robots_y_tecnologia,Ciencia Ficción México
cuento_894.txt,Revista Anapoyesis espacio para la ciencia ficción latinoamericana,Anonimo,robots_y_tecnologia,Ciencia Ficción México
cuento_895.txt,Ricitos de Oro,Anonimo,robots_y_tecnologia,Ciencia Ficción México
cuento_896.txt,Rompenieves,Anonimo,robots_y_tecnologia,Ciencia Ficción México
cuento_897.txt,Rosa y el cascarudo,Anonimo,robots_y_tecnologia,Ciencia Ficción México
cuento_898.txt,Rosemonde la cazadora,Anonimo,robots_y_tecnologia,Ciencia Ficción México
cuento_899.txt,Rumpelstikin,Anonimo,robots_y_tecnologia,Ciencia Ficción México
cuento_900.txt,Río subterráneo,Anonimo,robots_y_tecnologia,Ciencia Ficción México
cuento_901.txt,SINTÉTICO Libro de Ivan Moreno Mendoza,Anonimo,robots_y_tecnologia,Ciencia Ficción México
cuento_902.txt,Sahara,Anonimo,robots_y_tecnologia,Ciencia Ficción México
cuento_903.txt,Seetetelané,Anonimo,robots_y_tecnologia,Ciencia Ficción México
cuento_904.txt,Seguir de pobres,Anonimo,robots_y_tecnologia,Ciencia Ficción México
cuento_905.txt,Semillas,Anonimo,robots_y_tecnologia,Ciencia Ficción México
cuento_906.txt,Senilidad,Anonimo,robots_y_tecnologia,Ciencia Ficción México
cuento_907.txt,Sennin,Anonimo,robots_y_tecnologia,Ciencia Ficción México
cuento_908.txt,Sententia Nominum,Anonimo,robots_y_tecnologia,Ciencia Ficción México
cuento_909.txt,Ser Humano proyecto de cortometraje,Anonimo,robots_y_tecnologia,Ciencia Ficción México
cuento_910.txt,Si dañas me dañas,Anonimo,robots_y_tecnologia,Ciencia Ficción México
cuento_911.txt,Si hubiera tenido un poco más de tiempo,Anonimo,robots_y_tecnologia,Ciencia Ficción México
cuento_912.txt,Sigue adelante,Anonimo,robots_y_tecnologia,Ciencia Ficción México
cuento_913.txt,Simbad el Marino,Anonimo,robots_y_tecnologia,Ciencia Ficción México
cuento_914.txt,Sinesio de Rodas,Anonimo,robots_y_tecnologia,Ciencia Ficción México
cuento_915.txt,Sinuhé,Anonimo,robots_y_tecnologia,Ciencia Ficción México
cuento_916.txt,Sitio web,Anonimo,robots_y_tecnologia,Ciencia Ficción México
cuento_917.txt,Soledad,Anonimo,robots_y_tecnologia,Ciencia Ficción México
cuento_918.txt,Sombra entre sombras,Anonimo,robots_y_tecnologia,Ciencia Ficción México
cuento_919.txt,Sona Mariama,Anonimo,robots_y_tecnologia,Ciencia Ficción México
cuento_920.txt,Sopa de hacha,Anonimo,robots_y_tecnologia,Ciencia Ficción México
cuento_921.txt,Sopa de palillo de morcilla,Anonimo,robots_y_tecnologia,Ciencia Ficción México
cuento_922.txt,Soy tú,Anonimo,robots_y_tecnologia,Ciencia Ficción México
cuento_923.txt,Stanisław Lem vs Jaime Maussan,Anonimo,robots_y_tecnologia,Ciencia Ficción México
cuento_924.txt,Su nombre era muerte Rafael Bernal 1947,Anonimo,robots_y_tecnologia,Ciencia Ficción México
cuento_925.txt,Sueños,Anonimo,robots_y_tecnologia,Ciencia Ficción México
cuento_926.txt,Sólo se necesita miedo,Anonimo,robots_y_tecnologia,Ciencia Ficción México
cuento_927.txt,TaBe reinterpretando la ciencia ficción a la mexicana,Anonimo,robots_y_tecnologia,Ciencia Ficción México
cuento_928.txt,Takisé o el toro de la vieja,Anonimo,robots_y_tecnologia,Ciencia Ficción México
cuento_929.txt,Taller Filosofía y Ciencia Ficción imparte Daniela Lomartti,Anonimo,robots_y_tecnologia,Ciencia Ficción México
cuento_930.txt,Taller de cuento especulativo,Anonimo,robots_y_tecnologia,Ciencia Ficción México
cuento_931.txt,Taller de escritura de crítica cinematográfica,Anonimo,robots_y_tecnologia,Ciencia Ficción México
cuento_932.txt,Taller de pintura fantástica,Anonimo,robots_y_tecnologia,Ciencia Ficción México
cuento_933.txt,Tandy,Anonimo,robots_y_tecnologia,Ciencia Ficción México
cuento_934.txt,Teoría y análisis de la ciencia ficción curso de Iván Pozos,Anonimo,robots_y_tecnologia,Ciencia Ficción México
cuento_935.txt,Testigo,Anonimo,robots_y_tecnologia,Ciencia Ficción México
cuento_936.txt,Thanatopsis Inc Reseña,Anonimo,robots_y_tecnologia,Ciencia Ficción México
cuento_937.txt,Tiene que haber diferencias,Anonimo,robots_y_tecnologia,Ciencia Ficción México
cuento_938.txt,Tirano o gobernante,Anonimo,robots_y_tecnologia,Ciencia Ficción México
cuento_939.txt,Todo es engaño,Anonimo,robots_y_tecnologia,Ciencia Ficción México
cuento_940.txt,Topos,Anonimo,robots_y_tecnologia,Ciencia Ficción México
cuento_941.txt,Tres clases de borrachera,Anonimo,robots_y_tecnologia,Ciencia Ficción México
cuento_942.txt,Trilla milagrosa,Anonimo,robots_y_tecnologia,Ciencia Ficción México
cuento_943.txt,Tyolet,Anonimo,robots_y_tecnologia,Ciencia Ficción México
cuento_944.txt,Tía Dolor de Muelas,Anonimo,robots_y_tecnologia,Ciencia Ficción México
cuento_945.txt,Un candidato,Anonimo,robots_y_tecnologia,Ciencia Ficción México
cuento_946.txt,Un cuento de reyes,Anonimo,robots_y_tecnologia,Ciencia Ficción México
cuento_947.txt,Un despertar,Anonimo,robots_y_tecnologia,Ciencia Ficción México
cuento_948.txt,Un ermitaño en la corte,Anonimo,robots_y_tecnologia,Ciencia Ficción México
cuento_949.txt,Un error judicial,Anonimo,robots_y_tecnologia,Ciencia Ficción México
cuento_950.txt,Un hombre de ideas,Anonimo,robots_y_tecnologia,Ciencia Ficción México
cuento_951.txt,Un hombre original,Anonimo,robots_y_tecnologia,Ciencia Ficción México
cuento_952.txt,Un hombre su caballo su perro y el cielo,Anonimo,robots_y_tecnologia,Ciencia Ficción México
cuento_953.txt,Un hombrecillo que nació para actor,Anonimo,robots_y_tecnologia,Ciencia Ficción México
cuento_954.txt,Un huevo,Anonimo,robots_y_tecnologia,Ciencia Ficción México
cuento_955.txt,Un mundo nos vigila breve historia del cine de extraterrestres en México,Anonimo,robots_y_tecnologia,Ciencia Ficción México
cuento_956.txt,Un pacto con el diablo,Anonimo,robots_y_tecnologia,Ciencia Ficción México
cuento_957.txt,Un santuario muy especial,Anonimo,robots_y_tecnologia,Ciencia Ficción México
cuento_958.txt,Un sueño,Anonimo,robots_y_tecnologia,Ciencia Ficción México
cuento_959.txt,Un tramo de la sarta de perlas,Anonimo,robots_y_tecnologia,Ciencia Ficción México
cuento_960.txt,Un viejo verde,Anonimo,robots_y_tecnologia,Ciencia Ficción México
cuento_961.txt,Un voto,Anonimo,robots_y_tecnologia,Ciencia Ficción México
cuento_962.txt,Un yogui al borde del camino,Anonimo,robots_y_tecnologia,Ciencia Ficción México
cuento_963.txt,Una aventura,Anonimo,robots_y_tecnologia,Ciencia Ficción México
cuento_964.txt,Una bella película,Anonimo,robots_y_tecnologia,Ciencia Ficción México
cuento_965.txt,Una broma del maestro,Anonimo,robots_y_tecnologia,Ciencia Ficción México
cuento_966.txt,Una caña de bambú para el más tonto,Anonimo,robots_y_tecnologia,Ciencia Ficción México
cuento_967.txt,Una de dos,Anonimo,robots_y_tecnologia,Ciencia Ficción México
cuento_968.txt,Una historia,Anonimo,robots_y_tecnologia,Ciencia Ficción México
cuento_969.txt,Una historia de las dunas,Anonimo,robots_y_tecnologia,Ciencia Ficción México
cuento_970.txt,Una hoja del cielo,Anonimo,robots_y_tecnologia,Ciencia Ficción México
cuento_971.txt,Una mujer amaestrada,Anonimo,robots_y_tecnologia,Ciencia Ficción México
cuento_972.txt,Una partícula de verdad,Anonimo,robots_y_tecnologia,Ciencia Ficción México
cuento_973.txt,Una reputación,Anonimo,robots_y_tecnologia,Ciencia Ficción México
cuento_974.txt,Una rosa de la tumba de Homero,Anonimo,robots_y_tecnologia,Ciencia Ficción México
cuento_975.txt,Una tarde de domingo,Anonimo,robots_y_tecnologia,Ciencia Ficción México
cuento_976.txt,VI Avión,Anonimo,robots_y_tecnologia,Ciencia Ficción México
cuento_977.txt,V Shakko,Anonimo,robots_y_tecnologia,Ciencia Ficción México
cuento_978.txt,Vampiro guerrero de la noche reseña,Anonimo,robots_y_tecnologia,Ciencia Ficción México
cuento_979.txt,Ven mi ama Zobeida quiere hablarte,Anonimo,robots_y_tecnologia,Ciencia Ficción México
cuento_980.txt,Viaje al corazón,Anonimo,robots_y_tecnologia,Ciencia Ficción México
cuento_981.txt,Vida de ermitaño,Anonimo,robots_y_tecnologia,Ciencia Ficción México
cuento_982.txt,Visita al infierno,Anonimo,robots_y_tecnologia,Ciencia Ficción México
cuento_983.txt,Visita al infierno 1,Anonimo,robots_y_tecnologia,Ciencia Ficción México
cuento_984.txt,Visión del baluarte,Anonimo,robots_y_tecnologia,Ciencia Ficción México
cuento_985.txt,Vivir para siempre,Anonimo,robots_y_tecnologia,Ciencia Ficción México
cuento_986.txt,Vudú,Anonimo,robots_y_tecnologia,Ciencia Ficción México
cuento_987.txt,Vänö y Glänö,Anonimo,robots_y_tecnologia,Ciencia Ficción México
cuento_988.txt,Wanda,Anonimo,robots_y_tecnologia,Ciencia Ficción México
cuento_989.txt,Warma kuyay,Anonimo,robots_y_tecnologia,Ciencia Ficción México
cuento_990.txt,Ya no tengo cáscaras para mis cerdos,Anonimo,robots_y_tecnologia,Ciencia Ficción México
cuento_991.txt,Young Sánchez,Anonimo,robots_y_tecnologia,Ciencia Ficción México
cuento_992.txt,el-pajaro-de-la-cancion-popular,Anonimo,robots_y_tecnologia,Ciencia Ficción México
cuento_993.txt,el-sombrero-de-tres-picos,Anonimo,robots_y_tecnologia,Ciencia Ficción México
cuento_994.txt,el-ultimo-sueno-del-viejo-roble,Anonimo,robots_y_tecnologia,Ciencia Ficción México
cuento_995.txt,juan-el-bobo,Anonimo,robots_y_tecnologia,Ciencia Ficción México
cuento_996.txt,la-reina-de-las-nieves,Anonimo,robots_y_tecnologia,Ciencia Ficción México
cuento_997.txt,la-vieja-campana-de-la-iglesia,Anonimo,robots_y_tecnologia,Ciencia Ficción México
cuento_998.txt,pegaojos,Anonimo,robots_y_tecnologia,Ciencia Ficción México
cuento_999.txt,tirso-de-molina,Anonimo,robots_y_tecnologia,Ciencia Ficción México
